{
    "bindings": [
        {
            "font": "{fd2e3140-862e-4bf1-b7a4-314fdce12965}",
            "language": "{ef3bf1ae-06f1-4338-9910-d7a3a2435b87}",
            "string": "{ac2a6c2c-a631-4a23-8b34-8a90f0e8c8cb}"
        },
        {
            "font": "{fd2e3140-862e-4bf1-b7a4-314fdce12965}",
            "language": "{ef3bf1ae-06f1-4338-9910-d7a3a2435b87}",
            "string": "{c1095630-0572-47b0-822e-ed3371ecb214}"
        },
        {
            "font": "{fd2e3140-862e-4bf1-b7a4-314fdce12965}",
            "language": "{ef3bf1ae-06f1-4338-9910-d7a3a2435b87}",
            "string": "{d35f9ef3-f6e9-4e5a-9635-1d7a0f0c4f55}"
        }
    ],
    "defaultLanguage": "{ef3bf1ae-06f1-4338-9910-d7a3a2435b87}",
    "encoding": "ASCII",
    "languages": [
        {
            "properties": {
                "__categories": [
                ],
                "__groups": [
                ],
                "enabled": {
                    "enabled": true,
                    "type": "boolean",
                    "value": true,
                    "visible": true
                },
                "id": {
                    "enabled": true,
                    "type": "uuid",
                    "value": "{ef3bf1ae-06f1-4338-9910-d7a3a2435b87}",
                    "visible": true
                },
                "name": {
                    "enabled": true,
                    "type": "text",
                    "value": "Default",
                    "visible": true
                }
            }
        }
    ],
    "paths": [
    ],
    "strings": [
        {
            "properties": {
                "__categories": [
                ],
                "__groups": [
                ],
                "description": {
                    "enabled": true,
                    "type": "text",
                    "value": "",
                    "visible": true
                },
                "id": {
                    "enabled": true,
                    "type": "uuid",
                    "value": "{ac2a6c2c-a631-4a23-8b34-8a90f0e8c8cb}",
                    "visible": true
                },
                "name": {
                    "enabled": true,
                    "type": "text",
                    "value": "Fast",
                    "visible": true
                },
                "path": {
                    "enabled": true,
                    "type": "text",
                    "value": "/",
                    "visible": true
                }
            },
            "values": [
                {
                    "language": "{ef3bf1ae-06f1-4338-9910-d7a3a2435b87}",
                    "value": "Fast."
                }
            ]
        },
        {
            "properties": {
                "__categories": [
                ],
                "__groups": [
                ],
                "description": {
                    "enabled": true,
                    "type": "text",
                    "value": "",
                    "visible": true
                },
                "id": {
                    "enabled": true,
                    "type": "uuid",
                    "value": "{c1095630-0572-47b0-822e-ed3371ecb214}",
                    "visible": true
                },
                "name": {
                    "enabled": true,
                    "type": "text",
                    "value": "Easy",
                    "visible": true
                },
                "path": {
                    "enabled": true,
                    "type": "text",
                    "value": "/",
                    "visible": true
                }
            },
            "values": [
                {
                    "language": "{ef3bf1ae-06f1-4338-9910-d7a3a2435b87}",
                    "value": "Easy."
                }
            ]
        },
        {
            "properties": {
                "__categories": [
                ],
                "__groups": [
                ],
                "description": {
                    "enabled": true,
                    "type": "text",
                    "value": "",
                    "visible": true
                },
                "id": {
                    "enabled": true,
                    "type": "uuid",
                    "value": "{d35f9ef3-f6e9-4e5a-9635-1d7a0f0c4f55}",
                    "visible": true
                },
                "name": {
                    "enabled": true,
                    "type": "text",
                    "value": "Smart",
                    "visible": true
                },
                "path": {
                    "enabled": true,
                    "type": "text",
                    "value": "/",
                    "visible": true
                }
            },
            "values": [
                {
                    "language": "{ef3bf1ae-06f1-4338-9910-d7a3a2435b87}",
                    "value": "Smart."
                }
            ]
        }
    ]
}
