{
    " ": {
        "advance": 39,
        "bearingX": 0,
        "bearingY": 0,
        "codePoint": 32,
        "height": 0,
        "width": 0
    },
    "!": {
        "advance": 43,
        "bearingX": 8,
        "bearingY": 108,
        "codePoint": 33,
        "height": 109,
        "width": 27
    },
    "\"": {
        "advance": 71,
        "bearingX": 9,
        "bearingY": 108,
        "codePoint": 34,
        "height": 39,
        "width": 53
    },
    "#": {
        "advance": 97,
        "bearingX": 3,
        "bearingY": 108,
        "codePoint": 35,
        "height": 108,
        "width": 91
    },
    "$": {
        "advance": 86,
        "bearingX": 6,
        "bearingY": 115,
        "codePoint": 36,
        "height": 123,
        "width": 74
    },
    "%": {
        "advance": 135,
        "bearingX": 4,
        "bearingY": 109,
        "codePoint": 37,
        "height": 110,
        "width": 127
    },
    "&": {
        "advance": 113,
        "bearingX": 6,
        "bearingY": 109,
        "codePoint": 38,
        "height": 110,
        "width": 107
    },
    "'": {
        "advance": 40,
        "bearingX": 9,
        "bearingY": 108,
        "codePoint": 39,
        "height": 39,
        "width": 22
    },
    "(": {
        "advance": 51,
        "bearingX": 6,
        "bearingY": 108,
        "codePoint": 40,
        "height": 132,
        "width": 41
    },
    ")": {
        "advance": 51,
        "bearingX": 4,
        "bearingY": 108,
        "codePoint": 41,
        "height": 132,
        "width": 41
    },
    "*": {
        "advance": 82,
        "bearingX": 4,
        "bearingY": 115,
        "codePoint": 42,
        "height": 71,
        "width": 74
    },
    "+": {
        "advance": 86,
        "bearingX": 6,
        "bearingY": 90,
        "codePoint": 43,
        "height": 73,
        "width": 74
    },
    ",": {
        "advance": 43,
        "bearingX": 4,
        "bearingY": 18,
        "codePoint": 44,
        "height": 37,
        "width": 30
    },
    "-": {
        "advance": 48,
        "bearingX": 4,
        "bearingY": 50,
        "codePoint": 45,
        "height": 19,
        "width": 40
    },
    ".": {
        "advance": 43,
        "bearingX": 8,
        "bearingY": 24,
        "codePoint": 46,
        "height": 25,
        "width": 27
    },
    "/": {
        "advance": 62,
        "bearingX": 1,
        "bearingY": 108,
        "codePoint": 47,
        "height": 108,
        "width": 61
    },
    "0": {
        "advance": 86,
        "bearingX": 5,
        "bearingY": 109,
        "codePoint": 48,
        "height": 110,
        "width": 76
    },
    "1": {
        "advance": 86,
        "bearingX": 8,
        "bearingY": 108,
        "codePoint": 49,
        "height": 108,
        "width": 54
    },
    "2": {
        "advance": 86,
        "bearingX": 5,
        "bearingY": 109,
        "codePoint": 50,
        "height": 109,
        "width": 76
    },
    "3": {
        "advance": 86,
        "bearingX": 5,
        "bearingY": 109,
        "codePoint": 51,
        "height": 110,
        "width": 75
    },
    "4": {
        "advance": 86,
        "bearingX": 2,
        "bearingY": 108,
        "codePoint": 52,
        "height": 108,
        "width": 82
    },
    "5": {
        "advance": 86,
        "bearingX": 7,
        "bearingY": 108,
        "codePoint": 53,
        "height": 109,
        "width": 72
    },
    "6": {
        "advance": 86,
        "bearingX": 5,
        "bearingY": 109,
        "codePoint": 54,
        "height": 110,
        "width": 76
    },
    "7": {
        "advance": 86,
        "bearingX": 4,
        "bearingY": 108,
        "codePoint": 55,
        "height": 108,
        "width": 77
    },
    "8": {
        "advance": 86,
        "bearingX": 5,
        "bearingY": 109,
        "codePoint": 56,
        "height": 110,
        "width": 76
    },
    "9": {
        "advance": 86,
        "bearingX": 4,
        "bearingY": 109,
        "codePoint": 57,
        "height": 110,
        "width": 77
    },
    ":": {
        "advance": 43,
        "bearingX": 8,
        "bearingY": 83,
        "codePoint": 58,
        "height": 84,
        "width": 27
    },
    ";": {
        "advance": 43,
        "bearingX": 4,
        "bearingY": 83,
        "codePoint": 59,
        "height": 103,
        "width": 31
    },
    "<": {
        "advance": 86,
        "bearingX": 6,
        "bearingY": 94,
        "codePoint": 60,
        "height": 80,
        "width": 74
    },
    "=": {
        "advance": 86,
        "bearingX": 6,
        "bearingY": 76,
        "codePoint": 61,
        "height": 45,
        "width": 74
    },
    ">": {
        "advance": 86,
        "bearingX": 6,
        "bearingY": 94,
        "codePoint": 62,
        "height": 80,
        "width": 74
    },
    "?": {
        "advance": 72,
        "bearingX": 0,
        "bearingY": 109,
        "codePoint": 63,
        "height": 110,
        "width": 68
    },
    "@": {
        "advance": 135,
        "bearingX": 7,
        "bearingY": 108,
        "codePoint": 64,
        "height": 121,
        "width": 121
    },
    "A": {
        "advance": 104,
        "bearingX": 0,
        "bearingY": 108,
        "codePoint": 65,
        "height": 108,
        "width": 104
    },
    "B": {
        "advance": 101,
        "bearingX": 13,
        "bearingY": 108,
        "codePoint": 66,
        "height": 108,
        "width": 80
    },
    "C": {
        "advance": 96,
        "bearingX": 8,
        "bearingY": 109,
        "codePoint": 67,
        "height": 110,
        "width": 83
    },
    "D": {
        "advance": 111,
        "bearingX": 13,
        "bearingY": 108,
        "codePoint": 68,
        "height": 108,
        "width": 90
    },
    "E": {
        "advance": 84,
        "bearingX": 13,
        "bearingY": 108,
        "codePoint": 69,
        "height": 108,
        "width": 63
    },
    "F": {
        "advance": 82,
        "bearingX": 13,
        "bearingY": 108,
        "codePoint": 70,
        "height": 108,
        "width": 62
    },
    "G": {
        "advance": 109,
        "bearingX": 8,
        "bearingY": 109,
        "codePoint": 71,
        "height": 110,
        "width": 89
    },
    "H": {
        "advance": 115,
        "bearingX": 13,
        "bearingY": 108,
        "codePoint": 72,
        "height": 108,
        "width": 89
    },
    "I": {
        "advance": 58,
        "bearingX": 4,
        "bearingY": 108,
        "codePoint": 73,
        "height": 108,
        "width": 50
    },
    "J": {
        "advance": 50,
        "bearingX": -12,
        "bearingY": 108,
        "codePoint": 74,
        "height": 139,
        "width": 49
    },
    "K": {
        "advance": 100,
        "bearingX": 13,
        "bearingY": 108,
        "codePoint": 75,
        "height": 108,
        "width": 87
    },
    "L": {
        "advance": 85,
        "bearingX": 13,
        "bearingY": 108,
        "codePoint": 76,
        "height": 108,
        "width": 67
    },
    "M": {
        "advance": 141,
        "bearingX": 13,
        "bearingY": 108,
        "codePoint": 77,
        "height": 108,
        "width": 115
    },
    "N": {
        "advance": 122,
        "bearingX": 13,
        "bearingY": 108,
        "codePoint": 78,
        "height": 108,
        "width": 96
    },
    "O": {
        "advance": 119,
        "bearingX": 8,
        "bearingY": 109,
        "codePoint": 79,
        "height": 110,
        "width": 103
    },
    "P": {
        "advance": 94,
        "bearingX": 13,
        "bearingY": 108,
        "codePoint": 80,
        "height": 108,
        "width": 75
    },
    "Q": {
        "advance": 119,
        "bearingX": 8,
        "bearingY": 109,
        "codePoint": 81,
        "height": 134,
        "width": 103
    },
    "R": {
        "advance": 99,
        "bearingX": 13,
        "bearingY": 108,
        "codePoint": 82,
        "height": 108,
        "width": 86
    },
    "S": {
        "advance": 83,
        "bearingX": 6,
        "bearingY": 109,
        "codePoint": 83,
        "height": 110,
        "width": 71
    },
    "T": {
        "advance": 87,
        "bearingX": 3,
        "bearingY": 108,
        "codePoint": 84,
        "height": 108,
        "width": 81
    },
    "U": {
        "advance": 113,
        "bearingX": 12,
        "bearingY": 108,
        "codePoint": 85,
        "height": 109,
        "width": 89
    },
    "V": {
        "advance": 98,
        "bearingX": 0,
        "bearingY": 108,
        "codePoint": 86,
        "height": 108,
        "width": 98
    },
    "W": {
        "advance": 145,
        "bearingX": 0,
        "bearingY": 108,
        "codePoint": 87,
        "height": 108,
        "width": 146
    },
    "X": {
        "advance": 100,
        "bearingX": 0,
        "bearingY": 108,
        "codePoint": 88,
        "height": 108,
        "width": 101
    },
    "Y": {
        "advance": 94,
        "bearingX": 0,
        "bearingY": 108,
        "codePoint": 89,
        "height": 108,
        "width": 94
    },
    "Z": {
        "advance": 87,
        "bearingX": 3,
        "bearingY": 108,
        "codePoint": 90,
        "height": 108,
        "width": 81
    },
    "[": {
        "advance": 50,
        "bearingX": 10,
        "bearingY": 108,
        "codePoint": 91,
        "height": 132,
        "width": 36
    },
    "\\": {
        "advance": 62,
        "bearingX": 0,
        "bearingY": 108,
        "codePoint": 92,
        "height": 108,
        "width": 62
    },
    "]": {
        "advance": 50,
        "bearingX": 3,
        "bearingY": 108,
        "codePoint": 93,
        "height": 132,
        "width": 37
    },
    "^": {
        "advance": 86,
        "bearingX": 3,
        "bearingY": 108,
        "codePoint": 94,
        "height": 70,
        "width": 80
    },
    "_": {
        "advance": 62,
        "bearingX": -1,
        "bearingY": -14,
        "codePoint": 95,
        "height": 10,
        "width": 63
    },
    "`": {
        "advance": 54,
        "bearingX": 6,
        "bearingY": 116,
        "codePoint": 96,
        "height": 24,
        "width": 43
    },
    "a": {
        "advance": 91,
        "bearingX": 6,
        "bearingY": 83,
        "codePoint": 97,
        "height": 84,
        "width": 74
    },
    "b": {
        "advance": 95,
        "bearingX": 11,
        "bearingY": 115,
        "codePoint": 98,
        "height": 116,
        "width": 78
    },
    "c": {
        "advance": 77,
        "bearingX": 6,
        "bearingY": 83,
        "codePoint": 99,
        "height": 84,
        "width": 67
    },
    "d": {
        "advance": 95,
        "bearingX": 6,
        "bearingY": 115,
        "codePoint": 100,
        "height": 116,
        "width": 78
    },
    "e": {
        "advance": 89,
        "bearingX": 6,
        "bearingY": 83,
        "codePoint": 101,
        "height": 84,
        "width": 77
    },
    "f": {
        "advance": 58,
        "bearingX": 3,
        "bearingY": 115,
        "codePoint": 102,
        "height": 115,
        "width": 62
    },
    "g": {
        "advance": 95,
        "bearingX": 6,
        "bearingY": 83,
        "codePoint": 103,
        "height": 119,
        "width": 78
    },
    "h": {
        "advance": 99,
        "bearingX": 11,
        "bearingY": 115,
        "codePoint": 104,
        "height": 115,
        "width": 77
    },
    "i": {
        "advance": 46,
        "bearingX": 10,
        "bearingY": 115,
        "codePoint": 105,
        "height": 115,
        "width": 26
    },
    "j": {
        "advance": 46,
        "bearingX": -10,
        "bearingY": 115,
        "codePoint": 106,
        "height": 151,
        "width": 46
    },
    "k": {
        "advance": 93,
        "bearingX": 11,
        "bearingY": 115,
        "codePoint": 107,
        "height": 115,
        "width": 82
    },
    "l": {
        "advance": 46,
        "bearingX": 11,
        "bearingY": 115,
        "codePoint": 108,
        "height": 115,
        "width": 24
    },
    "m": {
        "advance": 147,
        "bearingX": 11,
        "bearingY": 83,
        "codePoint": 109,
        "height": 83,
        "width": 126
    },
    "n": {
        "advance": 99,
        "bearingX": 11,
        "bearingY": 83,
        "codePoint": 110,
        "height": 83,
        "width": 77
    },
    "o": {
        "advance": 93,
        "bearingX": 6,
        "bearingY": 83,
        "codePoint": 111,
        "height": 84,
        "width": 81
    },
    "p": {
        "advance": 95,
        "bearingX": 11,
        "bearingY": 83,
        "codePoint": 112,
        "height": 119,
        "width": 78
    },
    "q": {
        "advance": 95,
        "bearingX": 6,
        "bearingY": 83,
        "codePoint": 113,
        "height": 119,
        "width": 78
    },
    "r": {
        "advance": 68,
        "bearingX": 11,
        "bearingY": 83,
        "codePoint": 114,
        "height": 83,
        "width": 54
    },
    "s": {
        "advance": 75,
        "bearingX": 6,
        "bearingY": 83,
        "codePoint": 115,
        "height": 84,
        "width": 63
    },
    "t": {
        "advance": 65,
        "bearingX": 3,
        "bearingY": 101,
        "codePoint": 116,
        "height": 102,
        "width": 58
    },
    "u": {
        "advance": 99,
        "bearingX": 11,
        "bearingY": 82,
        "codePoint": 117,
        "height": 83,
        "width": 76
    },
    "v": {
        "advance": 85,
        "bearingX": 0,
        "bearingY": 82,
        "codePoint": 118,
        "height": 82,
        "width": 86
    },
    "w": {
        "advance": 128,
        "bearingX": 1,
        "bearingY": 82,
        "codePoint": 119,
        "height": 82,
        "width": 126
    },
    "x": {
        "advance": 87,
        "bearingX": 0,
        "bearingY": 82,
        "codePoint": 120,
        "height": 82,
        "width": 86
    },
    "y": {
        "advance": 85,
        "bearingX": 0,
        "bearingY": 82,
        "codePoint": 121,
        "height": 118,
        "width": 86
    },
    "z": {
        "advance": 73,
        "bearingX": 4,
        "bearingY": 82,
        "codePoint": 122,
        "height": 82,
        "width": 65
    },
    "{": {
        "advance": 59,
        "bearingX": 2,
        "bearingY": 108,
        "codePoint": 123,
        "height": 132,
        "width": 52
    },
    "|": {
        "advance": 83,
        "bearingX": 33,
        "bearingY": 115,
        "codePoint": 124,
        "height": 149,
        "width": 17
    },
    "}": {
        "advance": 59,
        "bearingX": 6,
        "bearingY": 108,
        "codePoint": 125,
        "height": 132,
        "width": 51
    },
    "~": {
        "advance": 86,
        "bearingX": 6,
        "bearingY": 67,
        "codePoint": 126,
        "height": 27,
        "width": 74
    }
}
