{
    "images": [
        {
            "id": "{a5ec9b20-c5e0-4675-b1b5-d4f33cd00d9e}",
            "name": "HeadlightOn",
            "type": "RGB"
        },
        {
            "id": "{713dcc32-7571-47ce-ac58-9368424a6c9f}",
            "name": "battery_charging_full",
            "type": "RGB"
        },
        {
            "id": "{3bc832b7-0978-40da-861d-ab7794f23fd2}",
            "name": "turn_left",
            "type": "RGB"
        },
        {
            "id": "{7c03fe44-e233-4abe-945e-f262b555ffba}",
            "name": "turn_right",
            "type": "RGB"
        },
        {
            "id": "{0afd7afd-86a5-41dd-a1e4-0d4c447441e2}",
            "name": "straigh",
            "type": "RGB"
        },
        {
            "id": "{b1740250-2869-48eb-871b-d0063d404cd9}",
            "name": "Directions",
            "type": "RGB"
        },
        {
            "id": "{1be651bc-80fc-4429-96fb-e131e629a759}",
            "name": "leftoff",
            "type": "RGB"
        },
        {
            "id": "{97da726f-32b9-40a5-9f3c-26c9d68aaaf1}",
            "name": "lefton",
            "type": "RGB"
        },
        {
            "id": "{58088ea1-6a28-4563-842d-82fa3a20fa3f}",
            "name": "rightoff",
            "type": "RGB"
        },
        {
            "id": "{2e3ff217-7a9b-4100-8d61-db0507aa41ea}",
            "name": "righton",
            "type": "RGB"
        },
        {
            "id": "{1c7bfb45-1362-4b9e-a6eb-677e4fa09bd4}",
            "name": "FuelOff",
            "type": "RGB"
        },
        {
            "id": "{cdfcf85d-105b-4c59-8079-7195ed5da953}",
            "name": "FuelOn",
            "type": "RGB"
        },
        {
            "id": "{7b3d364a-64fe-4297-a05b-5f45c260aa5f}",
            "name": "warningoff",
            "type": "RGB"
        },
        {
            "id": "{20e1247c-e20b-4e8f-9c84-ba7f73924c4b}",
            "name": "warningon",
            "type": "RGB"
        },
        {
            "id": "{f0ef5ce4-a341-4a21-983a-8cf5fb11e287}",
            "name": "gray_bar",
            "type": "RGB"
        },
        {
            "id": "{b266fe58-4203-4aa7-a5af-58a077f0f71a}",
            "name": "green_bar",
            "type": "RGB"
        },
        {
            "id": "{0d4cd751-1103-49e9-9b01-7228b8ca4eda}",
            "name": "speedo_back",
            "type": "RGB"
        },
        {
            "id": "{c7e62452-a0a6-4849-81dc-be4a138ba8a7}",
            "name": "speed_front",
            "type": "RGB"
        },
        {
            "id": "{a827fddb-5ac0-4a20-bf92-8e899d8e9a62}",
            "name": "mchp_logo",
            "type": "RGB"
        },
        {
            "id": "{f08edabf-5d0a-4cea-92c9-ee67deeebb78}",
            "name": "logo_horizontal_small",
            "type": "RGB"
        },
        {
            "id": "{198f8cec-a26e-4e55-a27e-fcabe0686a80}",
            "name": "MGS_85_White",
            "type": "RGB"
        }
    ],
    "paths": [
    ]
}
