{
    " ": {
        "advance": 14,
        "bearingX": 0,
        "bearingY": 0,
        "codePoint": 32,
        "height": 0,
        "width": 0
    },
    ".": {
        "advance": 15,
        "bearingX": 2,
        "bearingY": 9,
        "codePoint": 46,
        "height": 10,
        "width": 10
    },
    "0": {
        "advance": 30,
        "bearingX": 1,
        "bearingY": 38,
        "codePoint": 48,
        "height": 39,
        "width": 27
    },
    "1": {
        "advance": 30,
        "bearingX": 3,
        "bearingY": 37,
        "codePoint": 49,
        "height": 37,
        "width": 19
    },
    "2": {
        "advance": 30,
        "bearingX": 1,
        "bearingY": 38,
        "codePoint": 50,
        "height": 38,
        "width": 28
    },
    "3": {
        "advance": 30,
        "bearingX": 1,
        "bearingY": 38,
        "codePoint": 51,
        "height": 39,
        "width": 27
    },
    "4": {
        "advance": 30,
        "bearingX": 0,
        "bearingY": 37,
        "codePoint": 52,
        "height": 37,
        "width": 29
    },
    "5": {
        "advance": 30,
        "bearingX": 2,
        "bearingY": 37,
        "codePoint": 53,
        "height": 38,
        "width": 26
    },
    "6": {
        "advance": 30,
        "bearingX": 1,
        "bearingY": 38,
        "codePoint": 54,
        "height": 39,
        "width": 28
    },
    "7": {
        "advance": 30,
        "bearingX": 1,
        "bearingY": 37,
        "codePoint": 55,
        "height": 37,
        "width": 28
    },
    "8": {
        "advance": 30,
        "bearingX": 1,
        "bearingY": 38,
        "codePoint": 56,
        "height": 39,
        "width": 27
    },
    "9": {
        "advance": 30,
        "bearingX": 1,
        "bearingY": 38,
        "codePoint": 57,
        "height": 39,
        "width": 27
    }
}
