{
    "0": {
        "advance": 86,
        "bearingX": 5,
        "bearingY": 109,
        "codePoint": 48,
        "height": 110,
        "width": 76
    },
    "1": {
        "advance": 86,
        "bearingX": 8,
        "bearingY": 108,
        "codePoint": 49,
        "height": 108,
        "width": 54
    },
    "2": {
        "advance": 86,
        "bearingX": 5,
        "bearingY": 109,
        "codePoint": 50,
        "height": 109,
        "width": 76
    },
    "3": {
        "advance": 86,
        "bearingX": 5,
        "bearingY": 109,
        "codePoint": 51,
        "height": 110,
        "width": 75
    },
    "4": {
        "advance": 86,
        "bearingX": 2,
        "bearingY": 108,
        "codePoint": 52,
        "height": 108,
        "width": 82
    },
    "5": {
        "advance": 86,
        "bearingX": 7,
        "bearingY": 108,
        "codePoint": 53,
        "height": 109,
        "width": 72
    },
    "6": {
        "advance": 86,
        "bearingX": 5,
        "bearingY": 109,
        "codePoint": 54,
        "height": 110,
        "width": 76
    },
    "7": {
        "advance": 86,
        "bearingX": 4,
        "bearingY": 108,
        "codePoint": 55,
        "height": 108,
        "width": 77
    },
    "8": {
        "advance": 86,
        "bearingX": 5,
        "bearingY": 109,
        "codePoint": 56,
        "height": 110,
        "width": 76
    },
    "9": {
        "advance": 86,
        "bearingX": 4,
        "bearingY": 109,
        "codePoint": 57,
        "height": 110,
        "width": 77
    }
}
