{
    "images": [
        {
            "id": "{52c6f56e-2f9f-4629-8a57-5e1bbbf5492e}",
            "name": "mchpLogo_small",
            "type": "RGB"
        },
        {
            "id": "{450c2e60-0194-4ce1-a649-8c19caf60e24}",
            "name": "MHGS_logo_smaller",
            "type": "RGB"
        },
        {
            "id": "{eae330f4-9181-43f1-a347-6af32e052bfc}",
            "name": "QuickstartDown_WQVGA",
            "type": "RGB"
        },
        {
            "id": "{73aacf62-986e-4592-9640-99308cc2934d}",
            "name": "QuickstartUp_WQVGA",
            "type": "RGB"
        }
    ],
    "paths": [
    ]
}
