{
    " ": {
        "advance": 5,
        "bearingX": 0,
        "bearingY": 0,
        "codePoint": 32,
        "height": 0,
        "width": 0
    },
    "-": {
        "advance": 7,
        "bearingX": 0,
        "bearingY": 7,
        "codePoint": 45,
        "height": 3,
        "width": 7
    },
    "0": {
        "advance": 12,
        "bearingX": 0,
        "bearingY": 15,
        "codePoint": 48,
        "height": 15,
        "width": 11
    },
    "1": {
        "advance": 12,
        "bearingX": 1,
        "bearingY": 15,
        "codePoint": 49,
        "height": 15,
        "width": 10
    },
    "2": {
        "advance": 12,
        "bearingX": 0,
        "bearingY": 15,
        "codePoint": 50,
        "height": 15,
        "width": 11
    },
    "4": {
        "advance": 12,
        "bearingX": 0,
        "bearingY": 15,
        "codePoint": 52,
        "height": 15,
        "width": 12
    },
    "5": {
        "advance": 12,
        "bearingX": 0,
        "bearingY": 15,
        "codePoint": 53,
        "height": 15,
        "width": 11
    },
    "7": {
        "advance": 12,
        "bearingX": 1,
        "bearingY": 15,
        "codePoint": 55,
        "height": 15,
        "width": 10
    },
    "8": {
        "advance": 12,
        "bearingX": 0,
        "bearingY": 15,
        "codePoint": 56,
        "height": 15,
        "width": 11
    },
    ":": {
        "advance": 7,
        "bearingX": 1,
        "bearingY": 12,
        "codePoint": 58,
        "height": 12,
        "width": 5
    },
    "C": {
        "advance": 13,
        "bearingX": 1,
        "bearingY": 15,
        "codePoint": 67,
        "height": 15,
        "width": 12
    },
    "D": {
        "advance": 14,
        "bearingX": 1,
        "bearingY": 15,
        "codePoint": 68,
        "height": 15,
        "width": 13
    },
    "E": {
        "advance": 12,
        "bearingX": 1,
        "bearingY": 15,
        "codePoint": 69,
        "height": 15,
        "width": 11
    },
    "I": {
        "advance": 7,
        "bearingX": 1,
        "bearingY": 15,
        "codePoint": 73,
        "height": 15,
        "width": 4
    },
    "N": {
        "advance": 15,
        "bearingX": 1,
        "bearingY": 15,
        "codePoint": 78,
        "height": 15,
        "width": 13
    },
    "O": {
        "advance": 15,
        "bearingX": 1,
        "bearingY": 15,
        "codePoint": 79,
        "height": 15,
        "width": 14
    },
    "S": {
        "advance": 12,
        "bearingX": 0,
        "bearingY": 15,
        "codePoint": 83,
        "height": 15,
        "width": 12
    },
    "e": {
        "advance": 12,
        "bearingX": 0,
        "bearingY": 11,
        "codePoint": 101,
        "height": 11,
        "width": 11
    },
    "f": {
        "advance": 7,
        "bearingX": 0,
        "bearingY": 16,
        "codePoint": 102,
        "height": 16,
        "width": 9
    },
    "h": {
        "advance": 13,
        "bearingX": 1,
        "bearingY": 16,
        "codePoint": 104,
        "height": 16,
        "width": 11
    },
    "i": {
        "advance": 6,
        "bearingX": 1,
        "bearingY": 16,
        "codePoint": 105,
        "height": 16,
        "width": 4
    },
    "m": {
        "advance": 19,
        "bearingX": 1,
        "bearingY": 11,
        "codePoint": 109,
        "height": 11,
        "width": 17
    },
    "n": {
        "advance": 13,
        "bearingX": 1,
        "bearingY": 11,
        "codePoint": 110,
        "height": 11,
        "width": 11
    },
    "o": {
        "advance": 13,
        "bearingX": 0,
        "bearingY": 11,
        "codePoint": 111,
        "height": 11,
        "width": 12
    },
    "r": {
        "advance": 9,
        "bearingX": 1,
        "bearingY": 11,
        "codePoint": 114,
        "height": 11,
        "width": 8
    },
    "t": {
        "advance": 8,
        "bearingX": 0,
        "bearingY": 14,
        "codePoint": 116,
        "height": 14,
        "width": 9
    },
    "u": {
        "advance": 13,
        "bearingX": 1,
        "bearingY": 11,
        "codePoint": 117,
        "height": 11,
        "width": 11
    },
    "x": {
        "advance": 11,
        "bearingX": 0,
        "bearingY": 11,
        "codePoint": 120,
        "height": 11,
        "width": 11
    }
}
