{
    "fonts": [
        {
            "id": "{9642b92f-2125-446f-a21b-e1a4c9a3771c}",
            "name": "NotoSans_48"
        },
        {
            "id": "{deb3cc5a-243b-4a4f-bd0d-3e30ea81e5ff}",
            "name": "MedsMenuFont"
        },
        {
            "id": "{acdc9f9e-f137-4727-b26e-3660e566015d}",
            "name": "MainMenuFont"
        },
        {
            "id": "{7cb717c8-7be7-4e6f-95a7-60c9d7feee53}",
            "name": "BigBoldNum"
        },
        {
            "id": "{0b7e1de8-c092-439c-ba7e-959dfdb1f419}",
            "name": "MedBoldNum"
        }
    ],
    "paths": [
    ]
}
