{
    "bindings": [
        {
            "font": "{7cb717c8-7be7-4e6f-95a7-60c9d7feee53}",
            "language": "{fcfe3ff4-f230-448f-9078-4599da2911d5}",
            "string": "{03a7a329-9b1e-40ff-9089-bd9e880605fd}"
        },
        {
            "font": "{acdc9f9e-f137-4727-b26e-3660e566015d}",
            "language": "{fcfe3ff4-f230-448f-9078-4599da2911d5}",
            "string": "{07125b69-c3c2-48fb-923d-30c2180489d6}"
        },
        {
            "font": "{acdc9f9e-f137-4727-b26e-3660e566015d}",
            "language": "{fcfe3ff4-f230-448f-9078-4599da2911d5}",
            "string": "{082661ca-d330-4ced-9251-9755c1bcb751}"
        },
        {
            "font": "{acdc9f9e-f137-4727-b26e-3660e566015d}",
            "language": "{fcfe3ff4-f230-448f-9078-4599da2911d5}",
            "string": "{1ae1af49-e860-4ec9-8dcc-b79cd3ec7bb2}"
        },
        {
            "font": "{7cb717c8-7be7-4e6f-95a7-60c9d7feee53}",
            "language": "{fcfe3ff4-f230-448f-9078-4599da2911d5}",
            "string": "{1f1549db-b1df-4608-a0ce-82f0924d1ca8}"
        },
        {
            "font": "{0b7e1de8-c092-439c-ba7e-959dfdb1f419}",
            "language": "{fcfe3ff4-f230-448f-9078-4599da2911d5}",
            "string": "{20c94f2d-1f04-4a72-9989-ec90b9a7880b}"
        },
        {
            "font": "{7cb717c8-7be7-4e6f-95a7-60c9d7feee53}",
            "language": "{fcfe3ff4-f230-448f-9078-4599da2911d5}",
            "string": "{2208b2d4-e947-4b7f-bdcc-254d52830e34}"
        },
        {
            "font": "{0b7e1de8-c092-439c-ba7e-959dfdb1f419}",
            "language": "{fcfe3ff4-f230-448f-9078-4599da2911d5}",
            "string": "{2723a514-583e-4009-b21d-3afd8517fb5e}"
        },
        {
            "font": "{acdc9f9e-f137-4727-b26e-3660e566015d}",
            "language": "{fcfe3ff4-f230-448f-9078-4599da2911d5}",
            "string": "{275be179-4373-43da-9337-e3ec42110d00}"
        },
        {
            "font": "{acdc9f9e-f137-4727-b26e-3660e566015d}",
            "language": "{fcfe3ff4-f230-448f-9078-4599da2911d5}",
            "string": "{27d975ca-5429-41f0-a849-b00491901ec7}"
        },
        {
            "font": "{0b7e1de8-c092-439c-ba7e-959dfdb1f419}",
            "language": "{fcfe3ff4-f230-448f-9078-4599da2911d5}",
            "string": "{37f156d2-5cf2-41b5-b5ce-9b9cfc8a6400}"
        },
        {
            "font": "{0b7e1de8-c092-439c-ba7e-959dfdb1f419}",
            "language": "{fcfe3ff4-f230-448f-9078-4599da2911d5}",
            "string": "{48cdce70-965d-48cd-a256-1107040626e9}"
        },
        {
            "font": "{7cb717c8-7be7-4e6f-95a7-60c9d7feee53}",
            "language": "{fcfe3ff4-f230-448f-9078-4599da2911d5}",
            "string": "{2ecea9cd-64e5-413a-bf3f-a044c1a2ea9e}"
        },
        {
            "font": "{7cb717c8-7be7-4e6f-95a7-60c9d7feee53}",
            "language": "{fcfe3ff4-f230-448f-9078-4599da2911d5}",
            "string": "{317c2565-321a-4c2c-9e35-79fbafea300e}"
        },
        {
            "font": "{7cb717c8-7be7-4e6f-95a7-60c9d7feee53}",
            "language": "{fcfe3ff4-f230-448f-9078-4599da2911d5}",
            "string": "{49c4f33c-22d3-4467-b3f6-6c21ad16ecd3}"
        },
        {
            "font": "{acdc9f9e-f137-4727-b26e-3660e566015d}",
            "language": "{fcfe3ff4-f230-448f-9078-4599da2911d5}",
            "string": "{4a68554f-b81a-4cdb-99c3-906c26dc4236}"
        },
        {
            "font": "{7cb717c8-7be7-4e6f-95a7-60c9d7feee53}",
            "language": "{fcfe3ff4-f230-448f-9078-4599da2911d5}",
            "string": "{51271790-18d6-4d5e-badd-24e0d307c63a}"
        },
        {
            "font": "{acdc9f9e-f137-4727-b26e-3660e566015d}",
            "language": "{fcfe3ff4-f230-448f-9078-4599da2911d5}",
            "string": "{4c7534a3-3f0c-4b9a-beaa-bfd333583909}"
        },
        {
            "font": "{acdc9f9e-f137-4727-b26e-3660e566015d}",
            "language": "{fcfe3ff4-f230-448f-9078-4599da2911d5}",
            "string": "{4cf5199f-fa87-4b1c-b25d-cbe029758f2b}"
        },
        {
            "font": "{acdc9f9e-f137-4727-b26e-3660e566015d}",
            "language": "{fcfe3ff4-f230-448f-9078-4599da2911d5}",
            "string": "{5530e7e1-7382-4516-9ea5-97ec5d6b8ee4}"
        },
        {
            "font": "{7cb717c8-7be7-4e6f-95a7-60c9d7feee53}",
            "language": "{fcfe3ff4-f230-448f-9078-4599da2911d5}",
            "string": "{56ccb266-340d-4cf2-bddd-02f803adb547}"
        },
        {
            "font": "{acdc9f9e-f137-4727-b26e-3660e566015d}",
            "language": "{fcfe3ff4-f230-448f-9078-4599da2911d5}",
            "string": "{5ba236ad-0ef2-484e-8f32-79d2b612f74d}"
        },
        {
            "font": "{7cb717c8-7be7-4e6f-95a7-60c9d7feee53}",
            "language": "{fcfe3ff4-f230-448f-9078-4599da2911d5}",
            "string": "{61c01cb0-97f9-4269-be22-495db8f7e8dc}"
        },
        {
            "font": "{acdc9f9e-f137-4727-b26e-3660e566015d}",
            "language": "{fcfe3ff4-f230-448f-9078-4599da2911d5}",
            "string": "{6dce9cb9-263a-45f8-a4fc-01146fa132db}"
        },
        {
            "font": "{acdc9f9e-f137-4727-b26e-3660e566015d}",
            "language": "{fcfe3ff4-f230-448f-9078-4599da2911d5}",
            "string": "{74a68b1a-aeee-408e-b9e5-9293726a2bb0}"
        },
        {
            "font": "{7cb717c8-7be7-4e6f-95a7-60c9d7feee53}",
            "language": "{fcfe3ff4-f230-448f-9078-4599da2911d5}",
            "string": "{81ef62ac-7814-4c47-a335-cd743d71d894}"
        },
        {
            "font": "{acdc9f9e-f137-4727-b26e-3660e566015d}",
            "language": "{fcfe3ff4-f230-448f-9078-4599da2911d5}",
            "string": "{8ae863ee-48da-43bf-aa80-4a839986a57c}"
        },
        {
            "font": "{0b7e1de8-c092-439c-ba7e-959dfdb1f419}",
            "language": "{fcfe3ff4-f230-448f-9078-4599da2911d5}",
            "string": "{8d0a410f-3e61-4ccd-b36c-61bcf3ccee57}"
        },
        {
            "font": "{acdc9f9e-f137-4727-b26e-3660e566015d}",
            "language": "{fcfe3ff4-f230-448f-9078-4599da2911d5}",
            "string": "{94389901-fbc6-4ef2-ba30-0948c420c459}"
        },
        {
            "font": "{acdc9f9e-f137-4727-b26e-3660e566015d}",
            "language": "{fcfe3ff4-f230-448f-9078-4599da2911d5}",
            "string": "{9478f382-29c8-4a4e-b9a5-3e9f78d9ba02}"
        },
        {
            "font": "{0b7e1de8-c092-439c-ba7e-959dfdb1f419}",
            "language": "{fcfe3ff4-f230-448f-9078-4599da2911d5}",
            "string": "{9ab821eb-2d41-4408-96ce-0d184e1c56e9}"
        },
        {
            "font": "{7cb717c8-7be7-4e6f-95a7-60c9d7feee53}",
            "language": "{fcfe3ff4-f230-448f-9078-4599da2911d5}",
            "string": "{980b8475-50d9-4863-abbc-4fb5d8a60d18}"
        },
        {
            "font": "{7cb717c8-7be7-4e6f-95a7-60c9d7feee53}",
            "language": "{fcfe3ff4-f230-448f-9078-4599da2911d5}",
            "string": "{a29b7249-6c68-4351-86a0-7c666c26a14b}"
        },
        {
            "font": "{acdc9f9e-f137-4727-b26e-3660e566015d}",
            "language": "{fcfe3ff4-f230-448f-9078-4599da2911d5}",
            "string": "{a3993241-66b5-4bf1-a2eb-fd1b026170eb}"
        },
        {
            "font": "{acdc9f9e-f137-4727-b26e-3660e566015d}",
            "language": "{fcfe3ff4-f230-448f-9078-4599da2911d5}",
            "string": "{aa928e7e-109a-4587-9cf4-d5914bdd8d93}"
        },
        {
            "font": "{0b7e1de8-c092-439c-ba7e-959dfdb1f419}",
            "language": "{fcfe3ff4-f230-448f-9078-4599da2911d5}",
            "string": "{bba6f516-f7f2-4dc0-88d0-385208fa339d}"
        },
        {
            "font": "{acdc9f9e-f137-4727-b26e-3660e566015d}",
            "language": "{fcfe3ff4-f230-448f-9078-4599da2911d5}",
            "string": "{bcc0de3b-dad1-433d-9175-1446cc4ed10a}"
        },
        {
            "font": "{7cb717c8-7be7-4e6f-95a7-60c9d7feee53}",
            "language": "{fcfe3ff4-f230-448f-9078-4599da2911d5}",
            "string": "{bd3adec2-c4e4-4eef-b4dc-e942c0a47d16}"
        },
        {
            "font": "{acdc9f9e-f137-4727-b26e-3660e566015d}",
            "language": "{fcfe3ff4-f230-448f-9078-4599da2911d5}",
            "string": "{8923d5b8-a65a-48ac-9be1-5a0f406a6bc0}"
        },
        {
            "font": "{acdc9f9e-f137-4727-b26e-3660e566015d}",
            "language": "{fcfe3ff4-f230-448f-9078-4599da2911d5}",
            "string": "{c003fb24-98f8-479e-8f47-00f274ed5168}"
        },
        {
            "font": "{7cb717c8-7be7-4e6f-95a7-60c9d7feee53}",
            "language": "{fcfe3ff4-f230-448f-9078-4599da2911d5}",
            "string": "{ceb977a6-d4cd-450a-9a68-744c635b239a}"
        },
        {
            "font": "{acdc9f9e-f137-4727-b26e-3660e566015d}",
            "language": "{fcfe3ff4-f230-448f-9078-4599da2911d5}",
            "string": "{d35cb7cc-75b1-407d-9b5c-2346124777e1}"
        },
        {
            "font": "{7cb717c8-7be7-4e6f-95a7-60c9d7feee53}",
            "language": "{fcfe3ff4-f230-448f-9078-4599da2911d5}",
            "string": "{d4b81e5b-08af-46ae-ae8e-a13dfce26230}"
        },
        {
            "font": "{acdc9f9e-f137-4727-b26e-3660e566015d}",
            "language": "{fcfe3ff4-f230-448f-9078-4599da2911d5}",
            "string": "{d4f70a90-e117-4f27-8db1-77836447187c}"
        },
        {
            "font": "{acdc9f9e-f137-4727-b26e-3660e566015d}",
            "language": "{fcfe3ff4-f230-448f-9078-4599da2911d5}",
            "string": "{e137223d-e6ef-4a51-9c4d-474acce7c857}"
        },
        {
            "font": "{deb3cc5a-243b-4a4f-bd0d-3e30ea81e5ff}",
            "language": "{fcfe3ff4-f230-448f-9078-4599da2911d5}",
            "string": "{0c244de6-59d5-42f1-8664-24f46c4e933b}"
        },
        {
            "font": "{deb3cc5a-243b-4a4f-bd0d-3e30ea81e5ff}",
            "language": "{fcfe3ff4-f230-448f-9078-4599da2911d5}",
            "string": "{0c829a1c-b057-489b-a346-ef0756c668c0}"
        },
        {
            "font": "{deb3cc5a-243b-4a4f-bd0d-3e30ea81e5ff}",
            "language": "{fcfe3ff4-f230-448f-9078-4599da2911d5}",
            "string": "{18a1a431-534c-4f79-924f-858677babeb9}"
        },
        {
            "font": "{deb3cc5a-243b-4a4f-bd0d-3e30ea81e5ff}",
            "language": "{fcfe3ff4-f230-448f-9078-4599da2911d5}",
            "string": "{18b0732a-39f2-47dc-9194-5b2ee567e599}"
        },
        {
            "font": "{deb3cc5a-243b-4a4f-bd0d-3e30ea81e5ff}",
            "language": "{fcfe3ff4-f230-448f-9078-4599da2911d5}",
            "string": "{1e6f9519-5788-4f24-8982-7f2d6e180ff1}"
        },
        {
            "font": "{deb3cc5a-243b-4a4f-bd0d-3e30ea81e5ff}",
            "language": "{fcfe3ff4-f230-448f-9078-4599da2911d5}",
            "string": "{2643906f-ad9f-4c21-9ddf-b139c4771007}"
        },
        {
            "font": "{deb3cc5a-243b-4a4f-bd0d-3e30ea81e5ff}",
            "language": "{fcfe3ff4-f230-448f-9078-4599da2911d5}",
            "string": "{2dd75fd5-ceda-4e99-9a3b-29b043f9fcaf}"
        },
        {
            "font": "{deb3cc5a-243b-4a4f-bd0d-3e30ea81e5ff}",
            "language": "{fcfe3ff4-f230-448f-9078-4599da2911d5}",
            "string": "{33a1e620-34a6-4934-b57b-abf8f7f5fc6b}"
        },
        {
            "font": "{deb3cc5a-243b-4a4f-bd0d-3e30ea81e5ff}",
            "language": "{fcfe3ff4-f230-448f-9078-4599da2911d5}",
            "string": "{424ff462-d6c2-48f3-a3c2-4294897eb968}"
        },
        {
            "font": "{deb3cc5a-243b-4a4f-bd0d-3e30ea81e5ff}",
            "language": "{fcfe3ff4-f230-448f-9078-4599da2911d5}",
            "string": "{51f3afb4-7918-4695-9c6f-44e3f381aed0}"
        },
        {
            "font": "{deb3cc5a-243b-4a4f-bd0d-3e30ea81e5ff}",
            "language": "{fcfe3ff4-f230-448f-9078-4599da2911d5}",
            "string": "{ad6177be-435e-4fdf-a288-1ff816c5d6b7}"
        },
        {
            "font": "{deb3cc5a-243b-4a4f-bd0d-3e30ea81e5ff}",
            "language": "{fcfe3ff4-f230-448f-9078-4599da2911d5}",
            "string": "{b7561410-3b0b-44f0-a59c-2aab79e4e310}"
        },
        {
            "font": "{deb3cc5a-243b-4a4f-bd0d-3e30ea81e5ff}",
            "language": "{fcfe3ff4-f230-448f-9078-4599da2911d5}",
            "string": "{bb5316d7-2c6e-4641-af69-75c7014647ee}"
        },
        {
            "font": "{deb3cc5a-243b-4a4f-bd0d-3e30ea81e5ff}",
            "language": "{fcfe3ff4-f230-448f-9078-4599da2911d5}",
            "string": "{c8cd0e58-8f02-4045-a85b-993f05f6b1ad}"
        },
        {
            "font": "{deb3cc5a-243b-4a4f-bd0d-3e30ea81e5ff}",
            "language": "{fcfe3ff4-f230-448f-9078-4599da2911d5}",
            "string": "{ca58cc30-78e1-4e8e-956a-a8a87c0ee164}"
        },
        {
            "font": "{deb3cc5a-243b-4a4f-bd0d-3e30ea81e5ff}",
            "language": "{fcfe3ff4-f230-448f-9078-4599da2911d5}",
            "string": "{cd4cb8c9-5d5e-4717-b6d3-965f42d5d4fa}"
        },
        {
            "font": "{deb3cc5a-243b-4a4f-bd0d-3e30ea81e5ff}",
            "language": "{fcfe3ff4-f230-448f-9078-4599da2911d5}",
            "string": "{dbe2e9b7-7e1d-44c6-8388-cda2b60b6008}"
        },
        {
            "font": "{deb3cc5a-243b-4a4f-bd0d-3e30ea81e5ff}",
            "language": "{fcfe3ff4-f230-448f-9078-4599da2911d5}",
            "string": "{e507e430-4880-4818-8e2e-e0f5c15109d4}"
        },
        {
            "font": "{acdc9f9e-f137-4727-b26e-3660e566015d}",
            "language": "{fcfe3ff4-f230-448f-9078-4599da2911d5}",
            "string": "{eabc3b3e-8be3-45fb-8a8a-42276957a785}"
        },
        {
            "font": "{deb3cc5a-243b-4a4f-bd0d-3e30ea81e5ff}",
            "language": "{fcfe3ff4-f230-448f-9078-4599da2911d5}",
            "string": "{e6fff7e6-da5d-4834-a1a4-fbfaf7e0c7a3}"
        },
        {
            "font": "{deb3cc5a-243b-4a4f-bd0d-3e30ea81e5ff}",
            "language": "{fcfe3ff4-f230-448f-9078-4599da2911d5}",
            "string": "{ebb7f8a2-50cb-4740-8948-8f4efe7219c2}"
        },
        {
            "font": "{deb3cc5a-243b-4a4f-bd0d-3e30ea81e5ff}",
            "language": "{fcfe3ff4-f230-448f-9078-4599da2911d5}",
            "string": "{f762a5fd-6489-4214-baf7-04583acd9aee}"
        },
        {
            "font": "{acdc9f9e-f137-4727-b26e-3660e566015d}",
            "language": "{fcfe3ff4-f230-448f-9078-4599da2911d5}",
            "string": "{fa35a2d1-19db-4308-b99f-bc5e645d6073}"
        }
    ],
    "defaultLanguage": "{fcfe3ff4-f230-448f-9078-4599da2911d5}",
    "encoding": "ASCII",
    "languages": [
        {
            "properties": {
                "__categories": [
                ],
                "__groups": [
                ],
                "enabled": {
                    "enabled": true,
                    "type": "boolean",
                    "value": true,
                    "visible": true
                },
                "id": {
                    "enabled": true,
                    "type": "uuid",
                    "value": "{fcfe3ff4-f230-448f-9078-4599da2911d5}",
                    "visible": true
                },
                "name": {
                    "enabled": true,
                    "type": "text",
                    "value": "English",
                    "visible": true
                }
            }
        }
    ],
    "paths": [
    ],
    "strings": [
        {
            "properties": {
                "__categories": [
                ],
                "__groups": [
                ],
                "description": {
                    "enabled": true,
                    "type": "text",
                    "value": "",
                    "visible": true
                },
                "id": {
                    "enabled": true,
                    "type": "uuid",
                    "value": "{03a7a329-9b1e-40ff-9089-bd9e880605fd}",
                    "visible": true
                },
                "name": {
                    "enabled": true,
                    "type": "text",
                    "value": "Key9",
                    "visible": true
                },
                "path": {
                    "enabled": true,
                    "type": "text",
                    "value": "/",
                    "visible": true
                }
            },
            "values": [
                {
                    "language": "{fcfe3ff4-f230-448f-9078-4599da2911d5}",
                    "value": "9"
                }
            ]
        },
        {
            "properties": {
                "__categories": [
                ],
                "__groups": [
                ],
                "description": {
                    "enabled": true,
                    "type": "text",
                    "value": "",
                    "visible": true
                },
                "id": {
                    "enabled": true,
                    "type": "uuid",
                    "value": "{07125b69-c3c2-48fb-923d-30c2180489d6}",
                    "visible": true
                },
                "name": {
                    "enabled": true,
                    "type": "text",
                    "value": "BatteryLevelDefault",
                    "visible": true
                },
                "path": {
                    "enabled": true,
                    "type": "text",
                    "value": "/",
                    "visible": true
                }
            },
            "values": [
                {
                    "language": "{fcfe3ff4-f230-448f-9078-4599da2911d5}",
                    "value": "75%"
                }
            ]
        },
        {
            "properties": {
                "__categories": [
                ],
                "__groups": [
                ],
                "description": {
                    "enabled": true,
                    "type": "text",
                    "value": "",
                    "visible": true
                },
                "id": {
                    "enabled": true,
                    "type": "uuid",
                    "value": "{082661ca-d330-4ced-9251-9755c1bcb751}",
                    "visible": true
                },
                "name": {
                    "enabled": true,
                    "type": "text",
                    "value": "Vtbi",
                    "visible": true
                },
                "path": {
                    "enabled": true,
                    "type": "text",
                    "value": "/",
                    "visible": true
                }
            },
            "values": [
                {
                    "language": "{fcfe3ff4-f230-448f-9078-4599da2911d5}",
                    "value": "VTBI (ml)"
                }
            ]
        },
        {
            "properties": {
                "__categories": [
                ],
                "__groups": [
                ],
                "description": {
                    "enabled": true,
                    "type": "text",
                    "value": "",
                    "visible": true
                },
                "id": {
                    "enabled": true,
                    "type": "uuid",
                    "value": "{0c244de6-59d5-42f1-8664-24f46c4e933b}",
                    "visible": true
                },
                "name": {
                    "enabled": true,
                    "type": "text",
                    "value": "Stop",
                    "visible": true
                },
                "path": {
                    "enabled": true,
                    "type": "text",
                    "value": "/",
                    "visible": true
                }
            },
            "values": [
                {
                    "language": "{fcfe3ff4-f230-448f-9078-4599da2911d5}",
                    "value": "STOP"
                }
            ]
        },
        {
            "properties": {
                "__categories": [
                ],
                "__groups": [
                ],
                "description": {
                    "enabled": true,
                    "type": "text",
                    "value": "",
                    "visible": true
                },
                "id": {
                    "enabled": true,
                    "type": "uuid",
                    "value": "{0c829a1c-b057-489b-a346-ef0756c668c0}",
                    "visible": true
                },
                "name": {
                    "enabled": true,
                    "type": "text",
                    "value": "Start",
                    "visible": true
                },
                "path": {
                    "enabled": true,
                    "type": "text",
                    "value": "/",
                    "visible": true
                }
            },
            "values": [
                {
                    "language": "{fcfe3ff4-f230-448f-9078-4599da2911d5}",
                    "value": "START"
                }
            ]
        },
        {
            "properties": {
                "__categories": [
                ],
                "__groups": [
                ],
                "description": {
                    "enabled": true,
                    "type": "text",
                    "value": "",
                    "visible": true
                },
                "id": {
                    "enabled": true,
                    "type": "uuid",
                    "value": "{18a1a431-534c-4f79-924f-858677babeb9}",
                    "visible": true
                },
                "name": {
                    "enabled": true,
                    "type": "text",
                    "value": "Lidocaine",
                    "visible": true
                },
                "path": {
                    "enabled": true,
                    "type": "text",
                    "value": "/",
                    "visible": true
                }
            },
            "values": [
                {
                    "language": "{fcfe3ff4-f230-448f-9078-4599da2911d5}",
                    "value": "Lidocaine"
                }
            ]
        },
        {
            "properties": {
                "__categories": [
                ],
                "__groups": [
                ],
                "description": {
                    "enabled": true,
                    "type": "text",
                    "value": "",
                    "visible": true
                },
                "id": {
                    "enabled": true,
                    "type": "uuid",
                    "value": "{18b0732a-39f2-47dc-9194-5b2ee567e599}",
                    "visible": true
                },
                "name": {
                    "enabled": true,
                    "type": "text",
                    "value": "Morphine",
                    "visible": true
                },
                "path": {
                    "enabled": true,
                    "type": "text",
                    "value": "/",
                    "visible": true
                }
            },
            "values": [
                {
                    "language": "{fcfe3ff4-f230-448f-9078-4599da2911d5}",
                    "value": "Morphine"
                }
            ]
        },
        {
            "properties": {
                "__categories": [
                ],
                "__groups": [
                ],
                "description": {
                    "enabled": true,
                    "type": "text",
                    "value": "",
                    "visible": true
                },
                "id": {
                    "enabled": true,
                    "type": "uuid",
                    "value": "{1ae1af49-e860-4ec9-8dcc-b79cd3ec7bb2}",
                    "visible": true
                },
                "name": {
                    "enabled": true,
                    "type": "text",
                    "value": "ConcDefault",
                    "visible": true
                },
                "path": {
                    "enabled": true,
                    "type": "text",
                    "value": "/",
                    "visible": true
                }
            },
            "values": [
                {
                    "language": "{fcfe3ff4-f230-448f-9078-4599da2911d5}",
                    "value": "50"
                }
            ]
        },
        {
            "properties": {
                "__categories": [
                ],
                "__groups": [
                ],
                "description": {
                    "enabled": true,
                    "type": "text",
                    "value": "",
                    "visible": true
                },
                "id": {
                    "enabled": true,
                    "type": "uuid",
                    "value": "{1e6f9519-5788-4f24-8982-7f2d6e180ff1}",
                    "visible": true
                },
                "name": {
                    "enabled": true,
                    "type": "text",
                    "value": "Amiodarone",
                    "visible": true
                },
                "path": {
                    "enabled": true,
                    "type": "text",
                    "value": "/",
                    "visible": true
                }
            },
            "values": [
                {
                    "language": "{fcfe3ff4-f230-448f-9078-4599da2911d5}",
                    "value": "Amiodarone"
                }
            ]
        },
        {
            "properties": {
                "__categories": [
                ],
                "__groups": [
                ],
                "description": {
                    "enabled": true,
                    "type": "text",
                    "value": "",
                    "visible": true
                },
                "id": {
                    "enabled": true,
                    "type": "uuid",
                    "value": "{1f1549db-b1df-4608-a0ce-82f0924d1ca8}",
                    "visible": true
                },
                "name": {
                    "enabled": true,
                    "type": "text",
                    "value": "Key7",
                    "visible": true
                },
                "path": {
                    "enabled": true,
                    "type": "text",
                    "value": "/",
                    "visible": true
                }
            },
            "values": [
                {
                    "language": "{fcfe3ff4-f230-448f-9078-4599da2911d5}",
                    "value": "7"
                }
            ]
        },
        {
            "properties": {
                "__categories": [
                ],
                "__groups": [
                ],
                "description": {
                    "enabled": true,
                    "type": "text",
                    "value": "",
                    "visible": true
                },
                "id": {
                    "enabled": true,
                    "type": "uuid",
                    "value": "{20c94f2d-1f04-4a72-9989-ec90b9a7880b}",
                    "visible": true
                },
                "name": {
                    "enabled": true,
                    "type": "text",
                    "value": "Complete",
                    "visible": true
                },
                "path": {
                    "enabled": true,
                    "type": "text",
                    "value": "/",
                    "visible": true
                }
            },
            "values": [
                {
                    "language": "{fcfe3ff4-f230-448f-9078-4599da2911d5}",
                    "value": "Dispensing Complete!"
                }
            ]
        },
        {
            "properties": {
                "__categories": [
                ],
                "__groups": [
                ],
                "description": {
                    "enabled": true,
                    "type": "text",
                    "value": "",
                    "visible": true
                },
                "id": {
                    "enabled": true,
                    "type": "uuid",
                    "value": "{2208b2d4-e947-4b7f-bdcc-254d52830e34}",
                    "visible": true
                },
                "name": {
                    "enabled": true,
                    "type": "text",
                    "value": "DoseRateDefault",
                    "visible": true
                },
                "path": {
                    "enabled": true,
                    "type": "text",
                    "value": "/",
                    "visible": true
                }
            },
            "values": [
                {
                    "language": "{fcfe3ff4-f230-448f-9078-4599da2911d5}",
                    "value": "15"
                }
            ]
        },
        {
            "properties": {
                "__categories": [
                ],
                "__groups": [
                ],
                "description": {
                    "enabled": true,
                    "type": "text",
                    "value": "",
                    "visible": true
                },
                "id": {
                    "enabled": true,
                    "type": "uuid",
                    "value": "{2643906f-ad9f-4c21-9ddf-b139c4771007}",
                    "visible": true
                },
                "name": {
                    "enabled": true,
                    "type": "text",
                    "value": "Dexmedetomidine",
                    "visible": true
                },
                "path": {
                    "enabled": true,
                    "type": "text",
                    "value": "/",
                    "visible": true
                }
            },
            "values": [
                {
                    "language": "{fcfe3ff4-f230-448f-9078-4599da2911d5}",
                    "value": "Dexmedetomidine "
                }
            ]
        },
        {
            "properties": {
                "__categories": [
                ],
                "__groups": [
                ],
                "description": {
                    "enabled": true,
                    "type": "text",
                    "value": "",
                    "visible": true
                },
                "id": {
                    "enabled": true,
                    "type": "uuid",
                    "value": "{2723a514-583e-4009-b21d-3afd8517fb5e}",
                    "visible": true
                },
                "name": {
                    "enabled": true,
                    "type": "text",
                    "value": "TimeLeftDefault",
                    "visible": true
                },
                "path": {
                    "enabled": true,
                    "type": "text",
                    "value": "/",
                    "visible": true
                }
            },
            "values": [
                {
                    "language": "{fcfe3ff4-f230-448f-9078-4599da2911d5}",
                    "value": "2:21:53"
                }
            ]
        },
        {
            "properties": {
                "__categories": [
                ],
                "__groups": [
                ],
                "description": {
                    "enabled": true,
                    "type": "text",
                    "value": "",
                    "visible": true
                },
                "id": {
                    "enabled": true,
                    "type": "uuid",
                    "value": "{275be179-4373-43da-9337-e3ec42110d00}",
                    "visible": true
                },
                "name": {
                    "enabled": true,
                    "type": "text",
                    "value": "DoseMode",
                    "visible": true
                },
                "path": {
                    "enabled": true,
                    "type": "text",
                    "value": "/",
                    "visible": true
                }
            },
            "values": [
                {
                    "language": "{fcfe3ff4-f230-448f-9078-4599da2911d5}",
                    "value": "DOSE MODE"
                }
            ]
        },
        {
            "properties": {
                "__categories": [
                ],
                "__groups": [
                ],
                "description": {
                    "enabled": true,
                    "type": "text",
                    "value": "",
                    "visible": true
                },
                "id": {
                    "enabled": true,
                    "type": "uuid",
                    "value": "{27d975ca-5429-41f0-a849-b00491901ec7}",
                    "visible": true
                },
                "name": {
                    "enabled": true,
                    "type": "text",
                    "value": "DoseRate",
                    "visible": true
                },
                "path": {
                    "enabled": true,
                    "type": "text",
                    "value": "/",
                    "visible": true
                }
            },
            "values": [
                {
                    "language": "{fcfe3ff4-f230-448f-9078-4599da2911d5}",
                    "value": "DOSE RATE (ug/kg/min)"
                }
            ]
        },
        {
            "properties": {
                "__categories": [
                ],
                "__groups": [
                ],
                "description": {
                    "enabled": true,
                    "type": "text",
                    "value": "",
                    "visible": true
                },
                "id": {
                    "enabled": true,
                    "type": "uuid",
                    "value": "{2dd75fd5-ceda-4e99-9a3b-29b043f9fcaf}",
                    "visible": true
                },
                "name": {
                    "enabled": true,
                    "type": "text",
                    "value": "Propofol",
                    "visible": true
                },
                "path": {
                    "enabled": true,
                    "type": "text",
                    "value": "/",
                    "visible": true
                }
            },
            "values": [
                {
                    "language": "{fcfe3ff4-f230-448f-9078-4599da2911d5}",
                    "value": "Propofol"
                }
            ]
        },
        {
            "properties": {
                "__categories": [
                ],
                "__groups": [
                ],
                "description": {
                    "enabled": true,
                    "type": "text",
                    "value": "",
                    "visible": true
                },
                "id": {
                    "enabled": true,
                    "type": "uuid",
                    "value": "{2ecea9cd-64e5-413a-bf3f-a044c1a2ea9e}",
                    "visible": true
                },
                "name": {
                    "enabled": true,
                    "type": "text",
                    "value": "Key5",
                    "visible": true
                },
                "path": {
                    "enabled": true,
                    "type": "text",
                    "value": "/",
                    "visible": true
                }
            },
            "values": [
                {
                    "language": "{fcfe3ff4-f230-448f-9078-4599da2911d5}",
                    "value": "5"
                }
            ]
        },
        {
            "properties": {
                "__categories": [
                ],
                "__groups": [
                ],
                "description": {
                    "enabled": true,
                    "type": "text",
                    "value": "",
                    "visible": true
                },
                "id": {
                    "enabled": true,
                    "type": "uuid",
                    "value": "{317c2565-321a-4c2c-9e35-79fbafea300e}",
                    "visible": true
                },
                "name": {
                    "enabled": true,
                    "type": "text",
                    "value": "Key2",
                    "visible": true
                },
                "path": {
                    "enabled": true,
                    "type": "text",
                    "value": "/",
                    "visible": true
                }
            },
            "values": [
                {
                    "language": "{fcfe3ff4-f230-448f-9078-4599da2911d5}",
                    "value": "2"
                }
            ]
        },
        {
            "properties": {
                "__categories": [
                ],
                "__groups": [
                ],
                "description": {
                    "enabled": true,
                    "type": "text",
                    "value": "",
                    "visible": true
                },
                "id": {
                    "enabled": true,
                    "type": "uuid",
                    "value": "{33a1e620-34a6-4934-b57b-abf8f7f5fc6b}",
                    "visible": true
                },
                "name": {
                    "enabled": true,
                    "type": "text",
                    "value": "DoseModeRegular",
                    "visible": true
                },
                "path": {
                    "enabled": true,
                    "type": "text",
                    "value": "/",
                    "visible": true
                }
            },
            "values": [
                {
                    "language": "{fcfe3ff4-f230-448f-9078-4599da2911d5}",
                    "value": "Regular"
                }
            ]
        },
        {
            "properties": {
                "__categories": [
                ],
                "__groups": [
                ],
                "description": {
                    "enabled": true,
                    "type": "text",
                    "value": "",
                    "visible": true
                },
                "id": {
                    "enabled": true,
                    "type": "uuid",
                    "value": "{37f156d2-5cf2-41b5-b5ce-9b9cfc8a6400}",
                    "visible": true
                },
                "name": {
                    "enabled": true,
                    "type": "text",
                    "value": "WeightDefault",
                    "visible": true
                },
                "path": {
                    "enabled": true,
                    "type": "text",
                    "value": "/",
                    "visible": true
                }
            },
            "values": [
                {
                    "language": "{fcfe3ff4-f230-448f-9078-4599da2911d5}",
                    "value": "85"
                }
            ]
        },
        {
            "properties": {
                "__categories": [
                ],
                "__groups": [
                ],
                "description": {
                    "enabled": true,
                    "type": "text",
                    "value": "",
                    "visible": true
                },
                "id": {
                    "enabled": true,
                    "type": "uuid",
                    "value": "{424ff462-d6c2-48f3-a3c2-4294897eb968}",
                    "visible": true
                },
                "name": {
                    "enabled": true,
                    "type": "text",
                    "value": "Meperidine",
                    "visible": true
                },
                "path": {
                    "enabled": true,
                    "type": "text",
                    "value": "/",
                    "visible": true
                }
            },
            "values": [
                {
                    "language": "{fcfe3ff4-f230-448f-9078-4599da2911d5}",
                    "value": "Meperidine"
                }
            ]
        },
        {
            "properties": {
                "__categories": [
                ],
                "__groups": [
                ],
                "description": {
                    "enabled": true,
                    "type": "text",
                    "value": "",
                    "visible": true
                },
                "id": {
                    "enabled": true,
                    "type": "uuid",
                    "value": "{48cdce70-965d-48cd-a256-1107040626e9}",
                    "visible": true
                },
                "name": {
                    "enabled": true,
                    "type": "text",
                    "value": "TimeElapsedDefault",
                    "visible": true
                },
                "path": {
                    "enabled": true,
                    "type": "text",
                    "value": "/",
                    "visible": true
                }
            },
            "values": [
                {
                    "language": "{fcfe3ff4-f230-448f-9078-4599da2911d5}",
                    "value": "00:08:07"
                }
            ]
        },
        {
            "properties": {
                "__categories": [
                ],
                "__groups": [
                ],
                "description": {
                    "enabled": true,
                    "type": "text",
                    "value": "",
                    "visible": true
                },
                "id": {
                    "enabled": true,
                    "type": "uuid",
                    "value": "{49c4f33c-22d3-4467-b3f6-6c21ad16ecd3}",
                    "visible": true
                },
                "name": {
                    "enabled": true,
                    "type": "text",
                    "value": "PressureDefaultValue",
                    "visible": true
                },
                "path": {
                    "enabled": true,
                    "type": "text",
                    "value": "/",
                    "visible": true
                }
            },
            "values": [
                {
                    "language": "{fcfe3ff4-f230-448f-9078-4599da2911d5}",
                    "value": "150"
                }
            ]
        },
        {
            "properties": {
                "__categories": [
                ],
                "__groups": [
                ],
                "description": {
                    "enabled": true,
                    "type": "text",
                    "value": "",
                    "visible": true
                },
                "id": {
                    "enabled": true,
                    "type": "uuid",
                    "value": "{4a68554f-b81a-4cdb-99c3-906c26dc4236}",
                    "visible": true
                },
                "name": {
                    "enabled": true,
                    "type": "text",
                    "value": "TimeLeft",
                    "visible": true
                },
                "path": {
                    "enabled": true,
                    "type": "text",
                    "value": "/",
                    "visible": true
                }
            },
            "values": [
                {
                    "language": "{fcfe3ff4-f230-448f-9078-4599da2911d5}",
                    "value": "TIME LEFT"
                }
            ]
        },
        {
            "properties": {
                "__categories": [
                ],
                "__groups": [
                ],
                "description": {
                    "enabled": true,
                    "type": "text",
                    "value": "",
                    "visible": true
                },
                "id": {
                    "enabled": true,
                    "type": "uuid",
                    "value": "{4c7534a3-3f0c-4b9a-beaa-bfd333583909}",
                    "visible": true
                },
                "name": {
                    "enabled": true,
                    "type": "text",
                    "value": "Confirm",
                    "visible": true
                },
                "path": {
                    "enabled": true,
                    "type": "text",
                    "value": "/",
                    "visible": true
                }
            },
            "values": [
                {
                    "language": "{fcfe3ff4-f230-448f-9078-4599da2911d5}",
                    "value": "CONFIRM"
                }
            ]
        },
        {
            "properties": {
                "__categories": [
                ],
                "__groups": [
                ],
                "description": {
                    "enabled": true,
                    "type": "text",
                    "value": "",
                    "visible": true
                },
                "id": {
                    "enabled": true,
                    "type": "uuid",
                    "value": "{4cf5199f-fa87-4b1c-b25d-cbe029758f2b}",
                    "visible": true
                },
                "name": {
                    "enabled": true,
                    "type": "text",
                    "value": "CompleteMessage",
                    "visible": true
                },
                "path": {
                    "enabled": true,
                    "type": "text",
                    "value": "/",
                    "visible": true
                }
            },
            "values": [
                {
                    "language": "{fcfe3ff4-f230-448f-9078-4599da2911d5}",
                    "value": "The medication has been successfully delivered."
                }
            ]
        },
        {
            "properties": {
                "__categories": [
                ],
                "__groups": [
                ],
                "description": {
                    "enabled": true,
                    "type": "text",
                    "value": "",
                    "visible": true
                },
                "id": {
                    "enabled": true,
                    "type": "uuid",
                    "value": "{51271790-18d6-4d5e-badd-24e0d307c63a}",
                    "visible": true
                },
                "name": {
                    "enabled": true,
                    "type": "text",
                    "value": "Key1",
                    "visible": true
                },
                "path": {
                    "enabled": true,
                    "type": "text",
                    "value": "/",
                    "visible": true
                }
            },
            "values": [
                {
                    "language": "{fcfe3ff4-f230-448f-9078-4599da2911d5}",
                    "value": "1"
                }
            ]
        },
        {
            "properties": {
                "__categories": [
                ],
                "__groups": [
                ],
                "description": {
                    "enabled": true,
                    "type": "text",
                    "value": "",
                    "visible": true
                },
                "id": {
                    "enabled": true,
                    "type": "uuid",
                    "value": "{51f3afb4-7918-4695-9c6f-44e3f381aed0}",
                    "visible": true
                },
                "name": {
                    "enabled": true,
                    "type": "text",
                    "value": "Bolus",
                    "visible": true
                },
                "path": {
                    "enabled": true,
                    "type": "text",
                    "value": "/",
                    "visible": true
                }
            },
            "values": [
                {
                    "language": "{fcfe3ff4-f230-448f-9078-4599da2911d5}",
                    "value": "BOLUS"
                }
            ]
        },
        {
            "properties": {
                "__categories": [
                ],
                "__groups": [
                ],
                "description": {
                    "enabled": true,
                    "type": "text",
                    "value": "",
                    "visible": true
                },
                "id": {
                    "enabled": true,
                    "type": "uuid",
                    "value": "{5530e7e1-7382-4516-9ea5-97ec5d6b8ee4}",
                    "visible": true
                },
                "name": {
                    "enabled": true,
                    "type": "text",
                    "value": "Vasoactive",
                    "visible": true
                },
                "path": {
                    "enabled": true,
                    "type": "text",
                    "value": "/",
                    "visible": true
                }
            },
            "values": [
                {
                    "language": "{fcfe3ff4-f230-448f-9078-4599da2911d5}",
                    "value": "Vasoactive"
                }
            ]
        },
        {
            "properties": {
                "__categories": [
                ],
                "__groups": [
                ],
                "description": {
                    "enabled": true,
                    "type": "text",
                    "value": "",
                    "visible": true
                },
                "id": {
                    "enabled": true,
                    "type": "uuid",
                    "value": "{56ccb266-340d-4cf2-bddd-02f803adb547}",
                    "visible": true
                },
                "name": {
                    "enabled": true,
                    "type": "text",
                    "value": "Key8",
                    "visible": true
                },
                "path": {
                    "enabled": true,
                    "type": "text",
                    "value": "/",
                    "visible": true
                }
            },
            "values": [
                {
                    "language": "{fcfe3ff4-f230-448f-9078-4599da2911d5}",
                    "value": "8"
                }
            ]
        },
        {
            "properties": {
                "__categories": [
                ],
                "__groups": [
                ],
                "description": {
                    "enabled": true,
                    "type": "text",
                    "value": "",
                    "visible": true
                },
                "id": {
                    "enabled": true,
                    "type": "uuid",
                    "value": "{5ba236ad-0ef2-484e-8f32-79d2b612f74d}",
                    "visible": true
                },
                "name": {
                    "enabled": true,
                    "type": "text",
                    "value": "Settings",
                    "visible": true
                },
                "path": {
                    "enabled": true,
                    "type": "text",
                    "value": "/",
                    "visible": true
                }
            },
            "values": [
                {
                    "language": "{fcfe3ff4-f230-448f-9078-4599da2911d5}",
                    "value": "Settings"
                }
            ]
        },
        {
            "properties": {
                "__categories": [
                ],
                "__groups": [
                ],
                "description": {
                    "enabled": true,
                    "type": "text",
                    "value": "",
                    "visible": true
                },
                "id": {
                    "enabled": true,
                    "type": "uuid",
                    "value": "{61c01cb0-97f9-4269-be22-495db8f7e8dc}",
                    "visible": true
                },
                "name": {
                    "enabled": true,
                    "type": "text",
                    "value": "KeyDot",
                    "visible": true
                },
                "path": {
                    "enabled": true,
                    "type": "text",
                    "value": "/",
                    "visible": true
                }
            },
            "values": [
                {
                    "language": "{fcfe3ff4-f230-448f-9078-4599da2911d5}",
                    "value": "."
                }
            ]
        },
        {
            "properties": {
                "__categories": [
                ],
                "__groups": [
                ],
                "description": {
                    "enabled": true,
                    "type": "text",
                    "value": "",
                    "visible": true
                },
                "id": {
                    "enabled": true,
                    "type": "uuid",
                    "value": "{6dce9cb9-263a-45f8-a4fc-01146fa132db}",
                    "visible": true
                },
                "name": {
                    "enabled": true,
                    "type": "text",
                    "value": "TimeElapsed",
                    "visible": true
                },
                "path": {
                    "enabled": true,
                    "type": "text",
                    "value": "/",
                    "visible": true
                }
            },
            "values": [
                {
                    "language": "{fcfe3ff4-f230-448f-9078-4599da2911d5}",
                    "value": "TIME ELAPSED"
                }
            ]
        },
        {
            "properties": {
                "__categories": [
                ],
                "__groups": [
                ],
                "description": {
                    "enabled": true,
                    "type": "text",
                    "value": "",
                    "visible": true
                },
                "id": {
                    "enabled": true,
                    "type": "uuid",
                    "value": "{74a68b1a-aeee-408e-b9e5-9293726a2bb0}",
                    "visible": true
                },
                "name": {
                    "enabled": true,
                    "type": "text",
                    "value": "Filters",
                    "visible": true
                },
                "path": {
                    "enabled": true,
                    "type": "text",
                    "value": "/",
                    "visible": true
                }
            },
            "values": [
                {
                    "language": "{fcfe3ff4-f230-448f-9078-4599da2911d5}",
                    "value": "FILTERS"
                }
            ]
        },
        {
            "properties": {
                "__categories": [
                ],
                "__groups": [
                ],
                "description": {
                    "enabled": true,
                    "type": "text",
                    "value": "",
                    "visible": true
                },
                "id": {
                    "enabled": true,
                    "type": "uuid",
                    "value": "{81ef62ac-7814-4c47-a335-cd743d71d894}",
                    "visible": true
                },
                "name": {
                    "enabled": true,
                    "type": "text",
                    "value": "Key3",
                    "visible": true
                },
                "path": {
                    "enabled": true,
                    "type": "text",
                    "value": "/",
                    "visible": true
                }
            },
            "values": [
                {
                    "language": "{fcfe3ff4-f230-448f-9078-4599da2911d5}",
                    "value": "3"
                }
            ]
        },
        {
            "properties": {
                "__categories": [
                ],
                "__groups": [
                ],
                "description": {
                    "enabled": true,
                    "type": "text",
                    "value": "",
                    "visible": true
                },
                "id": {
                    "enabled": true,
                    "type": "uuid",
                    "value": "{8923d5b8-a65a-48ac-9be1-5a0f406a6bc0}",
                    "visible": true
                },
                "name": {
                    "enabled": true,
                    "type": "text",
                    "value": "VersionString",
                    "visible": true
                },
                "path": {
                    "enabled": true,
                    "type": "text",
                    "value": "/",
                    "visible": true
                }
            },
            "values": [
                {
                    "language": "{fcfe3ff4-f230-448f-9078-4599da2911d5}",
                    "value": "gfx-v1.1"
                }
            ]
        },
        {
            "properties": {
                "__categories": [
                ],
                "__groups": [
                ],
                "description": {
                    "enabled": true,
                    "type": "text",
                    "value": "",
                    "visible": true
                },
                "id": {
                    "enabled": true,
                    "type": "uuid",
                    "value": "{8ae863ee-48da-43bf-aa80-4a839986a57c}",
                    "visible": true
                },
                "name": {
                    "enabled": true,
                    "type": "text",
                    "value": "AntiArrhythmic",
                    "visible": true
                },
                "path": {
                    "enabled": true,
                    "type": "text",
                    "value": "/",
                    "visible": true
                }
            },
            "values": [
                {
                    "language": "{fcfe3ff4-f230-448f-9078-4599da2911d5}",
                    "value": "Anti-arrhythmic"
                }
            ]
        },
        {
            "properties": {
                "__categories": [
                ],
                "__groups": [
                ],
                "description": {
                    "enabled": true,
                    "type": "text",
                    "value": "",
                    "visible": true
                },
                "id": {
                    "enabled": true,
                    "type": "uuid",
                    "value": "{8d0a410f-3e61-4ccd-b36c-61bcf3ccee57}",
                    "visible": true
                },
                "name": {
                    "enabled": true,
                    "type": "text",
                    "value": "DoseModeDefault",
                    "visible": true
                },
                "path": {
                    "enabled": true,
                    "type": "text",
                    "value": "/",
                    "visible": true
                }
            },
            "values": [
                {
                    "language": "{fcfe3ff4-f230-448f-9078-4599da2911d5}",
                    "value": "50"
                }
            ]
        },
        {
            "properties": {
                "__categories": [
                ],
                "__groups": [
                ],
                "description": {
                    "enabled": true,
                    "type": "text",
                    "value": "",
                    "visible": true
                },
                "id": {
                    "enabled": true,
                    "type": "uuid",
                    "value": "{94389901-fbc6-4ef2-ba30-0948c420c459}",
                    "visible": true
                },
                "name": {
                    "enabled": true,
                    "type": "text",
                    "value": "TimeDefault",
                    "visible": true
                },
                "path": {
                    "enabled": true,
                    "type": "text",
                    "value": "/",
                    "visible": true
                }
            },
            "values": [
                {
                    "language": "{fcfe3ff4-f230-448f-9078-4599da2911d5}",
                    "value": "3:48"
                }
            ]
        },
        {
            "properties": {
                "__categories": [
                ],
                "__groups": [
                ],
                "description": {
                    "enabled": true,
                    "type": "text",
                    "value": "",
                    "visible": true
                },
                "id": {
                    "enabled": true,
                    "type": "uuid",
                    "value": "{9478f382-29c8-4a4e-b9a5-3e9f78d9ba02}",
                    "visible": true
                },
                "name": {
                    "enabled": true,
                    "type": "text",
                    "value": "Weight",
                    "visible": true
                },
                "path": {
                    "enabled": true,
                    "type": "text",
                    "value": "/",
                    "visible": true
                }
            },
            "values": [
                {
                    "language": "{fcfe3ff4-f230-448f-9078-4599da2911d5}",
                    "value": "WEIGHT (kg)"
                }
            ]
        },
        {
            "properties": {
                "__categories": [
                ],
                "__groups": [
                ],
                "description": {
                    "enabled": true,
                    "type": "text",
                    "value": "",
                    "visible": true
                },
                "id": {
                    "enabled": true,
                    "type": "uuid",
                    "value": "{980b8475-50d9-4863-abbc-4fb5d8a60d18}",
                    "visible": true
                },
                "name": {
                    "enabled": true,
                    "type": "text",
                    "value": "Key4",
                    "visible": true
                },
                "path": {
                    "enabled": true,
                    "type": "text",
                    "value": "/",
                    "visible": true
                }
            },
            "values": [
                {
                    "language": "{fcfe3ff4-f230-448f-9078-4599da2911d5}",
                    "value": "4"
                }
            ]
        },
        {
            "properties": {
                "__categories": [
                ],
                "__groups": [
                ],
                "description": {
                    "enabled": true,
                    "type": "text",
                    "value": "",
                    "visible": true
                },
                "id": {
                    "enabled": true,
                    "type": "uuid",
                    "value": "{9ab821eb-2d41-4408-96ce-0d184e1c56e9}",
                    "visible": true
                },
                "name": {
                    "enabled": true,
                    "type": "text",
                    "value": "VolLeftDefault",
                    "visible": true
                },
                "path": {
                    "enabled": true,
                    "type": "text",
                    "value": "/",
                    "visible": true
                }
            },
            "values": [
                {
                    "language": "{fcfe3ff4-f230-448f-9078-4599da2911d5}",
                    "value": "235"
                }
            ]
        },
        {
            "properties": {
                "__categories": [
                ],
                "__groups": [
                ],
                "description": {
                    "enabled": true,
                    "type": "text",
                    "value": "",
                    "visible": true
                },
                "id": {
                    "enabled": true,
                    "type": "uuid",
                    "value": "{a29b7249-6c68-4351-86a0-7c666c26a14b}",
                    "visible": true
                },
                "name": {
                    "enabled": true,
                    "type": "text",
                    "value": "VTBIDefault",
                    "visible": true
                },
                "path": {
                    "enabled": true,
                    "type": "text",
                    "value": "/",
                    "visible": true
                }
            },
            "values": [
                {
                    "language": "{fcfe3ff4-f230-448f-9078-4599da2911d5}",
                    "value": "50"
                }
            ]
        },
        {
            "properties": {
                "__categories": [
                ],
                "__groups": [
                ],
                "description": {
                    "enabled": true,
                    "type": "text",
                    "value": "",
                    "visible": true
                },
                "id": {
                    "enabled": true,
                    "type": "uuid",
                    "value": "{a3993241-66b5-4bf1-a2eb-fd1b026170eb}",
                    "visible": true
                },
                "name": {
                    "enabled": true,
                    "type": "text",
                    "value": "Sedative",
                    "visible": true
                },
                "path": {
                    "enabled": true,
                    "type": "text",
                    "value": "/",
                    "visible": true
                }
            },
            "values": [
                {
                    "language": "{fcfe3ff4-f230-448f-9078-4599da2911d5}",
                    "value": "Sedative"
                }
            ]
        },
        {
            "properties": {
                "__categories": [
                ],
                "__groups": [
                ],
                "description": {
                    "enabled": true,
                    "type": "text",
                    "value": "",
                    "visible": true
                },
                "id": {
                    "enabled": true,
                    "type": "uuid",
                    "value": "{aa928e7e-109a-4587-9cf4-d5914bdd8d93}",
                    "visible": true
                },
                "name": {
                    "enabled": true,
                    "type": "text",
                    "value": "Analgesic",
                    "visible": true
                },
                "path": {
                    "enabled": true,
                    "type": "text",
                    "value": "/",
                    "visible": true
                }
            },
            "values": [
                {
                    "language": "{fcfe3ff4-f230-448f-9078-4599da2911d5}",
                    "value": "Analgesic"
                }
            ]
        },
        {
            "properties": {
                "__categories": [
                ],
                "__groups": [
                ],
                "description": {
                    "enabled": true,
                    "type": "text",
                    "value": "",
                    "visible": true
                },
                "id": {
                    "enabled": true,
                    "type": "uuid",
                    "value": "{ad6177be-435e-4fdf-a288-1ff816c5d6b7}",
                    "visible": true
                },
                "name": {
                    "enabled": true,
                    "type": "text",
                    "value": "Dofetilide",
                    "visible": true
                },
                "path": {
                    "enabled": true,
                    "type": "text",
                    "value": "/",
                    "visible": true
                }
            },
            "values": [
                {
                    "language": "{fcfe3ff4-f230-448f-9078-4599da2911d5}",
                    "value": "Dofetilide"
                }
            ]
        },
        {
            "properties": {
                "__categories": [
                ],
                "__groups": [
                ],
                "description": {
                    "enabled": true,
                    "type": "text",
                    "value": "",
                    "visible": true
                },
                "id": {
                    "enabled": true,
                    "type": "uuid",
                    "value": "{b7561410-3b0b-44f0-a59c-2aab79e4e310}",
                    "visible": true
                },
                "name": {
                    "enabled": true,
                    "type": "text",
                    "value": "DoseModeContinuous",
                    "visible": true
                },
                "path": {
                    "enabled": true,
                    "type": "text",
                    "value": "/",
                    "visible": true
                }
            },
            "values": [
                {
                    "language": "{fcfe3ff4-f230-448f-9078-4599da2911d5}",
                    "value": "Continuous"
                }
            ]
        },
        {
            "properties": {
                "__categories": [
                ],
                "__groups": [
                ],
                "description": {
                    "enabled": true,
                    "type": "text",
                    "value": "",
                    "visible": true
                },
                "id": {
                    "enabled": true,
                    "type": "uuid",
                    "value": "{bb5316d7-2c6e-4641-af69-75c7014647ee}",
                    "visible": true
                },
                "name": {
                    "enabled": true,
                    "type": "text",
                    "value": "Midazolam",
                    "visible": true
                },
                "path": {
                    "enabled": true,
                    "type": "text",
                    "value": "/",
                    "visible": true
                }
            },
            "values": [
                {
                    "language": "{fcfe3ff4-f230-448f-9078-4599da2911d5}",
                    "value": "Midazolam"
                }
            ]
        },
        {
            "properties": {
                "__categories": [
                ],
                "__groups": [
                ],
                "description": {
                    "enabled": true,
                    "type": "text",
                    "value": "",
                    "visible": true
                },
                "id": {
                    "enabled": true,
                    "type": "uuid",
                    "value": "{bba6f516-f7f2-4dc0-88d0-385208fa339d}",
                    "visible": true
                },
                "name": {
                    "enabled": true,
                    "type": "text",
                    "value": "VolDefault",
                    "visible": true
                },
                "path": {
                    "enabled": true,
                    "type": "text",
                    "value": "/",
                    "visible": true
                }
            },
            "values": [
                {
                    "language": "{fcfe3ff4-f230-448f-9078-4599da2911d5}",
                    "value": "250"
                }
            ]
        },
        {
            "properties": {
                "__categories": [
                ],
                "__groups": [
                ],
                "description": {
                    "enabled": true,
                    "type": "text",
                    "value": "",
                    "visible": true
                },
                "id": {
                    "enabled": true,
                    "type": "uuid",
                    "value": "{bcc0de3b-dad1-433d-9175-1446cc4ed10a}",
                    "visible": true
                },
                "name": {
                    "enabled": true,
                    "type": "text",
                    "value": "Common",
                    "visible": true
                },
                "path": {
                    "enabled": true,
                    "type": "text",
                    "value": "/",
                    "visible": true
                }
            },
            "values": [
                {
                    "language": "{fcfe3ff4-f230-448f-9078-4599da2911d5}",
                    "value": "Common"
                }
            ]
        },
        {
            "properties": {
                "__categories": [
                ],
                "__groups": [
                ],
                "description": {
                    "enabled": true,
                    "type": "text",
                    "value": "",
                    "visible": true
                },
                "id": {
                    "enabled": true,
                    "type": "uuid",
                    "value": "{bd3adec2-c4e4-4eef-b4dc-e942c0a47d16}",
                    "visible": true
                },
                "name": {
                    "enabled": true,
                    "type": "text",
                    "value": "Key6",
                    "visible": true
                },
                "path": {
                    "enabled": true,
                    "type": "text",
                    "value": "/",
                    "visible": true
                }
            },
            "values": [
                {
                    "language": "{fcfe3ff4-f230-448f-9078-4599da2911d5}",
                    "value": "6"
                }
            ]
        },
        {
            "properties": {
                "__categories": [
                ],
                "__groups": [
                ],
                "description": {
                    "enabled": true,
                    "type": "text",
                    "value": "",
                    "visible": true
                },
                "id": {
                    "enabled": true,
                    "type": "uuid",
                    "value": "{c003fb24-98f8-479e-8f47-00f274ed5168}",
                    "visible": true
                },
                "name": {
                    "enabled": true,
                    "type": "text",
                    "value": "Concentration",
                    "visible": true
                },
                "path": {
                    "enabled": true,
                    "type": "text",
                    "value": "/",
                    "visible": true
                }
            },
            "values": [
                {
                    "language": "{fcfe3ff4-f230-448f-9078-4599da2911d5}",
                    "value": "CONCENTRATION (ml)"
                }
            ]
        },
        {
            "properties": {
                "__categories": [
                ],
                "__groups": [
                ],
                "description": {
                    "enabled": true,
                    "type": "text",
                    "value": "",
                    "visible": true
                },
                "id": {
                    "enabled": true,
                    "type": "uuid",
                    "value": "{c8cd0e58-8f02-4045-a85b-993f05f6b1ad}",
                    "visible": true
                },
                "name": {
                    "enabled": true,
                    "type": "text",
                    "value": "Remifentanil",
                    "visible": true
                },
                "path": {
                    "enabled": true,
                    "type": "text",
                    "value": "/",
                    "visible": true
                }
            },
            "values": [
                {
                    "language": "{fcfe3ff4-f230-448f-9078-4599da2911d5}",
                    "value": "Reminfentanil"
                }
            ]
        },
        {
            "properties": {
                "__categories": [
                ],
                "__groups": [
                ],
                "description": {
                    "enabled": true,
                    "type": "text",
                    "value": "",
                    "visible": true
                },
                "id": {
                    "enabled": true,
                    "type": "uuid",
                    "value": "{ca58cc30-78e1-4e8e-956a-a8a87c0ee164}",
                    "visible": true
                },
                "name": {
                    "enabled": true,
                    "type": "text",
                    "value": "Dronedarone",
                    "visible": true
                },
                "path": {
                    "enabled": true,
                    "type": "text",
                    "value": "/",
                    "visible": true
                }
            },
            "values": [
                {
                    "language": "{fcfe3ff4-f230-448f-9078-4599da2911d5}",
                    "value": "Dronedarone"
                }
            ]
        },
        {
            "properties": {
                "__categories": [
                ],
                "__groups": [
                ],
                "description": {
                    "enabled": true,
                    "type": "text",
                    "value": "",
                    "visible": true
                },
                "id": {
                    "enabled": true,
                    "type": "uuid",
                    "value": "{cd4cb8c9-5d5e-4717-b6d3-965f42d5d4fa}",
                    "visible": true
                },
                "name": {
                    "enabled": true,
                    "type": "text",
                    "value": "Etomidate",
                    "visible": true
                },
                "path": {
                    "enabled": true,
                    "type": "text",
                    "value": "/",
                    "visible": true
                }
            },
            "values": [
                {
                    "language": "{fcfe3ff4-f230-448f-9078-4599da2911d5}",
                    "value": "Etomidate"
                }
            ]
        },
        {
            "properties": {
                "__categories": [
                ],
                "__groups": [
                ],
                "description": {
                    "enabled": true,
                    "type": "text",
                    "value": "",
                    "visible": true
                },
                "id": {
                    "enabled": true,
                    "type": "uuid",
                    "value": "{ceb977a6-d4cd-450a-9a68-744c635b239a}",
                    "visible": true
                },
                "name": {
                    "enabled": true,
                    "type": "text",
                    "value": "KeySpace",
                    "visible": true
                },
                "path": {
                    "enabled": true,
                    "type": "text",
                    "value": "/",
                    "visible": true
                }
            },
            "values": [
                {
                    "language": "{fcfe3ff4-f230-448f-9078-4599da2911d5}",
                    "value": " "
                }
            ]
        },
        {
            "properties": {
                "__categories": [
                ],
                "__groups": [
                ],
                "description": {
                    "enabled": true,
                    "type": "text",
                    "value": "",
                    "visible": true
                },
                "id": {
                    "enabled": true,
                    "type": "uuid",
                    "value": "{d35cb7cc-75b1-407d-9b5c-2346124777e1}",
                    "visible": true
                },
                "name": {
                    "enabled": true,
                    "type": "text",
                    "value": "UnitML",
                    "visible": true
                },
                "path": {
                    "enabled": true,
                    "type": "text",
                    "value": "/",
                    "visible": true
                }
            },
            "values": [
                {
                    "language": "{fcfe3ff4-f230-448f-9078-4599da2911d5}",
                    "value": "ml"
                }
            ]
        },
        {
            "properties": {
                "__categories": [
                ],
                "__groups": [
                ],
                "description": {
                    "enabled": true,
                    "type": "text",
                    "value": "",
                    "visible": true
                },
                "id": {
                    "enabled": true,
                    "type": "uuid",
                    "value": "{d4b81e5b-08af-46ae-ae8e-a13dfce26230}",
                    "visible": true
                },
                "name": {
                    "enabled": true,
                    "type": "text",
                    "value": "Key0",
                    "visible": true
                },
                "path": {
                    "enabled": true,
                    "type": "text",
                    "value": "/",
                    "visible": true
                }
            },
            "values": [
                {
                    "language": "{fcfe3ff4-f230-448f-9078-4599da2911d5}",
                    "value": "0"
                }
            ]
        },
        {
            "properties": {
                "__categories": [
                ],
                "__groups": [
                ],
                "description": {
                    "enabled": true,
                    "type": "text",
                    "value": "",
                    "visible": true
                },
                "id": {
                    "enabled": true,
                    "type": "uuid",
                    "value": "{d4f70a90-e117-4f27-8db1-77836447187c}",
                    "visible": true
                },
                "name": {
                    "enabled": true,
                    "type": "text",
                    "value": "VolLeft",
                    "visible": true
                },
                "path": {
                    "enabled": true,
                    "type": "text",
                    "value": "/",
                    "visible": true
                }
            },
            "values": [
                {
                    "language": "{fcfe3ff4-f230-448f-9078-4599da2911d5}",
                    "value": "VOL LEFT (ml)"
                }
            ]
        },
        {
            "properties": {
                "__categories": [
                ],
                "__groups": [
                ],
                "description": {
                    "enabled": true,
                    "type": "text",
                    "value": "",
                    "visible": true
                },
                "id": {
                    "enabled": true,
                    "type": "uuid",
                    "value": "{dbe2e9b7-7e1d-44c6-8388-cda2b60b6008}",
                    "visible": true
                },
                "name": {
                    "enabled": true,
                    "type": "text",
                    "value": "SodiumNitroprusside",
                    "visible": true
                },
                "path": {
                    "enabled": true,
                    "type": "text",
                    "value": "/",
                    "visible": true
                }
            },
            "values": [
                {
                    "language": "{fcfe3ff4-f230-448f-9078-4599da2911d5}",
                    "value": "Sodium\\nNitroprusside"
                }
            ]
        },
        {
            "properties": {
                "__categories": [
                ],
                "__groups": [
                ],
                "description": {
                    "enabled": true,
                    "type": "text",
                    "value": "",
                    "visible": true
                },
                "id": {
                    "enabled": true,
                    "type": "uuid",
                    "value": "{e137223d-e6ef-4a51-9c4d-474acce7c857}",
                    "visible": true
                },
                "name": {
                    "enabled": true,
                    "type": "text",
                    "value": "All",
                    "visible": true
                },
                "path": {
                    "enabled": true,
                    "type": "text",
                    "value": "/",
                    "visible": true
                }
            },
            "values": [
                {
                    "language": "{fcfe3ff4-f230-448f-9078-4599da2911d5}",
                    "value": "All"
                }
            ]
        },
        {
            "properties": {
                "__categories": [
                ],
                "__groups": [
                ],
                "description": {
                    "enabled": true,
                    "type": "text",
                    "value": "",
                    "visible": true
                },
                "id": {
                    "enabled": true,
                    "type": "uuid",
                    "value": "{e507e430-4880-4818-8e2e-e0f5c15109d4}",
                    "visible": true
                },
                "name": {
                    "enabled": true,
                    "type": "text",
                    "value": "Dobutamine",
                    "visible": true
                },
                "path": {
                    "enabled": true,
                    "type": "text",
                    "value": "/",
                    "visible": true
                }
            },
            "values": [
                {
                    "language": "{fcfe3ff4-f230-448f-9078-4599da2911d5}",
                    "value": "Dobutamine"
                }
            ]
        },
        {
            "properties": {
                "__categories": [
                ],
                "__groups": [
                ],
                "description": {
                    "enabled": true,
                    "type": "text",
                    "value": "",
                    "visible": true
                },
                "id": {
                    "enabled": true,
                    "type": "uuid",
                    "value": "{e6fff7e6-da5d-4834-a1a4-fbfaf7e0c7a3}",
                    "visible": true
                },
                "name": {
                    "enabled": true,
                    "type": "text",
                    "value": "Lorazepam",
                    "visible": true
                },
                "path": {
                    "enabled": true,
                    "type": "text",
                    "value": "/",
                    "visible": true
                }
            },
            "values": [
                {
                    "language": "{fcfe3ff4-f230-448f-9078-4599da2911d5}",
                    "value": "Lorazepam"
                }
            ]
        },
        {
            "properties": {
                "__categories": [
                ],
                "__groups": [
                ],
                "description": {
                    "enabled": true,
                    "type": "text",
                    "value": "",
                    "visible": true
                },
                "id": {
                    "enabled": true,
                    "type": "uuid",
                    "value": "{eabc3b3e-8be3-45fb-8a8a-42276957a785}",
                    "visible": true
                },
                "name": {
                    "enabled": true,
                    "type": "text",
                    "value": "Vol",
                    "visible": true
                },
                "path": {
                    "enabled": true,
                    "type": "text",
                    "value": "/",
                    "visible": true
                }
            },
            "values": [
                {
                    "language": "{fcfe3ff4-f230-448f-9078-4599da2911d5}",
                    "value": "VOLUME (ml)"
                }
            ]
        },
        {
            "properties": {
                "__categories": [
                ],
                "__groups": [
                ],
                "description": {
                    "enabled": true,
                    "type": "text",
                    "value": "",
                    "visible": true
                },
                "id": {
                    "enabled": true,
                    "type": "uuid",
                    "value": "{ebb7f8a2-50cb-4740-8948-8f4efe7219c2}",
                    "visible": true
                },
                "name": {
                    "enabled": true,
                    "type": "text",
                    "value": "Atropine",
                    "visible": true
                },
                "path": {
                    "enabled": true,
                    "type": "text",
                    "value": "/",
                    "visible": true
                }
            },
            "values": [
                {
                    "language": "{fcfe3ff4-f230-448f-9078-4599da2911d5}",
                    "value": "Atropine"
                }
            ]
        },
        {
            "properties": {
                "__categories": [
                ],
                "__groups": [
                ],
                "description": {
                    "enabled": true,
                    "type": "text",
                    "value": "",
                    "visible": true
                },
                "id": {
                    "enabled": true,
                    "type": "uuid",
                    "value": "{f762a5fd-6489-4214-baf7-04583acd9aee}",
                    "visible": true
                },
                "name": {
                    "enabled": true,
                    "type": "text",
                    "value": "Dopamine",
                    "visible": true
                },
                "path": {
                    "enabled": true,
                    "type": "text",
                    "value": "/",
                    "visible": true
                }
            },
            "values": [
                {
                    "language": "{fcfe3ff4-f230-448f-9078-4599da2911d5}",
                    "value": "Dopamine"
                }
            ]
        },
        {
            "properties": {
                "__categories": [
                ],
                "__groups": [
                ],
                "description": {
                    "enabled": true,
                    "type": "text",
                    "value": "",
                    "visible": true
                },
                "id": {
                    "enabled": true,
                    "type": "uuid",
                    "value": "{fa35a2d1-19db-4308-b99f-bc5e645d6073}",
                    "visible": true
                },
                "name": {
                    "enabled": true,
                    "type": "text",
                    "value": "Pressure",
                    "visible": true
                },
                "path": {
                    "enabled": true,
                    "type": "text",
                    "value": "/",
                    "visible": true
                }
            },
            "values": [
                {
                    "language": "{fcfe3ff4-f230-448f-9078-4599da2911d5}",
                    "value": "PRESSURE"
                }
            ]
        }
    ]
}
