{
    "0": {
        "advance": 40,
        "bearingX": 2,
        "bearingY": 51,
        "codePoint": 48,
        "height": 52,
        "width": 36
    },
    "1": {
        "advance": 40,
        "bearingX": 4,
        "bearingY": 50,
        "codePoint": 49,
        "height": 50,
        "width": 25
    },
    "2": {
        "advance": 40,
        "bearingX": 2,
        "bearingY": 51,
        "codePoint": 50,
        "height": 51,
        "width": 36
    },
    "3": {
        "advance": 40,
        "bearingX": 2,
        "bearingY": 51,
        "codePoint": 51,
        "height": 52,
        "width": 36
    },
    "4": {
        "advance": 40,
        "bearingX": 1,
        "bearingY": 50,
        "codePoint": 52,
        "height": 50,
        "width": 38
    },
    "5": {
        "advance": 40,
        "bearingX": 3,
        "bearingY": 50,
        "codePoint": 53,
        "height": 51,
        "width": 34
    },
    "6": {
        "advance": 40,
        "bearingX": 2,
        "bearingY": 51,
        "codePoint": 54,
        "height": 52,
        "width": 36
    },
    "7": {
        "advance": 40,
        "bearingX": 1,
        "bearingY": 50,
        "codePoint": 55,
        "height": 50,
        "width": 37
    },
    "8": {
        "advance": 40,
        "bearingX": 2,
        "bearingY": 51,
        "codePoint": 56,
        "height": 52,
        "width": 36
    },
    "9": {
        "advance": 40,
        "bearingX": 2,
        "bearingY": 51,
        "codePoint": 57,
        "height": 52,
        "width": 36
    }
}
