{
    "images": [
        {
            "id": "{873dc709-da1d-4a6f-a28b-733fc88b9184}",
            "name": "HeadlightOff",
            "type": "RGB"
        },
        {
            "id": "{a5ec9b20-c5e0-4675-b1b5-d4f33cd00d9e}",
            "name": "HeadlightOn",
            "type": "RGB"
        },
        {
            "id": "{95360e67-0657-41ba-a0dc-b8acc6133d31}",
            "name": "FuelOff",
            "type": "RGB"
        },
        {
            "id": "{0b20b801-f99d-4f6e-8bf4-96c27976dae0}",
            "name": "FuelOn",
            "type": "RGB"
        },
        {
            "id": "{a361d918-89f9-4198-b1cc-d185d22d9cf1}",
            "name": "WarningOff",
            "type": "RGB"
        },
        {
            "id": "{0d458ac8-c34e-47d8-9dc7-6228d075e9fd}",
            "name": "WarningOn",
            "type": "RGB"
        },
        {
            "id": "{01077eb5-78ab-4134-9b75-61e3fec700e1}",
            "name": "LeftTurnOff",
            "type": "RGB"
        },
        {
            "id": "{c2a33581-a703-4e60-b826-5a7c06d21852}",
            "name": "LeftTurnOn",
            "type": "RGB"
        },
        {
            "id": "{b09230b6-7c46-46e0-9919-b05fc88f7224}",
            "name": "RightTurnOff",
            "type": "RGB"
        },
        {
            "id": "{39284c01-a65b-441a-b401-03a92bdfc3e4}",
            "name": "RightTurnOn",
            "type": "RGB"
        },
        {
            "id": "{eb078b74-3ea1-4412-a1f5-5acef75dc45c}",
            "name": "DirectionsBox",
            "type": "RGB"
        },
        {
            "id": "{88e2a988-6923-41ba-9c44-74432d39bc58}",
            "name": "PurpleProgress",
            "type": "RGB"
        },
        {
            "id": "{ba2052a8-dc71-4156-aa7b-62dfa59b90d4}",
            "name": "OrangeProgress",
            "type": "RGB"
        },
        {
            "id": "{713dcc32-7571-47ce-ac58-9368424a6c9f}",
            "name": "battery_charging_full",
            "type": "RGB"
        },
        {
            "id": "{e145782c-8ec5-4246-8d25-600d104af859}",
            "name": "rpm_front",
            "type": "RGB"
        },
        {
            "id": "{c05bb8fa-26d6-47ae-afce-2a15040898e5}",
            "name": "speedofront",
            "type": "RGB"
        },
        {
            "id": "{8e05ae19-7b47-4f37-be0e-686b8b67a0e0}",
            "name": "rpm_back_fill",
            "type": "RGB"
        },
        {
            "id": "{3ecaec24-e67c-4f9b-b68a-515c78d71d9c}",
            "name": "speedoback_fill",
            "type": "RGB"
        },
        {
            "id": "{3bc832b7-0978-40da-861d-ab7794f23fd2}",
            "name": "turn_left",
            "type": "RGB"
        },
        {
            "id": "{7c03fe44-e233-4abe-945e-f262b555ffba}",
            "name": "turn_right",
            "type": "RGB"
        },
        {
            "id": "{0afd7afd-86a5-41dd-a1e4-0d4c447441e2}",
            "name": "straigh",
            "type": "RGB"
        }
    ],
    "paths": [
    ]
}
