{
    " ": {
        "advance": 8,
        "bearingX": 0,
        "bearingY": 0,
        "codePoint": 32,
        "height": 0,
        "width": 0
    },
    "!": {
        "advance": 9,
        "bearingX": 1,
        "bearingY": 23,
        "codePoint": 33,
        "height": 23,
        "width": 7
    },
    "0": {
        "advance": 18,
        "bearingX": 1,
        "bearingY": 23,
        "codePoint": 48,
        "height": 23,
        "width": 17
    },
    "1": {
        "advance": 18,
        "bearingX": 1,
        "bearingY": 23,
        "codePoint": 49,
        "height": 23,
        "width": 13
    },
    "2": {
        "advance": 18,
        "bearingX": 1,
        "bearingY": 23,
        "codePoint": 50,
        "height": 23,
        "width": 17
    },
    "3": {
        "advance": 18,
        "bearingX": 1,
        "bearingY": 23,
        "codePoint": 51,
        "height": 23,
        "width": 17
    },
    "4": {
        "advance": 18,
        "bearingX": 0,
        "bearingY": 23,
        "codePoint": 52,
        "height": 23,
        "width": 18
    },
    "5": {
        "advance": 18,
        "bearingX": 1,
        "bearingY": 23,
        "codePoint": 53,
        "height": 23,
        "width": 16
    },
    "6": {
        "advance": 18,
        "bearingX": 1,
        "bearingY": 23,
        "codePoint": 54,
        "height": 23,
        "width": 17
    },
    "7": {
        "advance": 18,
        "bearingX": 0,
        "bearingY": 23,
        "codePoint": 55,
        "height": 23,
        "width": 18
    },
    "8": {
        "advance": 18,
        "bearingX": 1,
        "bearingY": 23,
        "codePoint": 56,
        "height": 23,
        "width": 17
    },
    "9": {
        "advance": 18,
        "bearingX": 1,
        "bearingY": 23,
        "codePoint": 57,
        "height": 23,
        "width": 17
    },
    ":": {
        "advance": 9,
        "bearingX": 1,
        "bearingY": 18,
        "codePoint": 58,
        "height": 18,
        "width": 7
    },
    "C": {
        "advance": 20,
        "bearingX": 1,
        "bearingY": 23,
        "codePoint": 67,
        "height": 23,
        "width": 19
    },
    "D": {
        "advance": 24,
        "bearingX": 2,
        "bearingY": 23,
        "codePoint": 68,
        "height": 23,
        "width": 20
    },
    "e": {
        "advance": 19,
        "bearingX": 1,
        "bearingY": 18,
        "codePoint": 101,
        "height": 18,
        "width": 17
    },
    "g": {
        "advance": 20,
        "bearingX": 1,
        "bearingY": 18,
        "codePoint": 103,
        "height": 26,
        "width": 17
    },
    "i": {
        "advance": 10,
        "bearingX": 2,
        "bearingY": 25,
        "codePoint": 105,
        "height": 25,
        "width": 6
    },
    "l": {
        "advance": 10,
        "bearingX": 2,
        "bearingY": 25,
        "codePoint": 108,
        "height": 25,
        "width": 6
    },
    "m": {
        "advance": 31,
        "bearingX": 2,
        "bearingY": 18,
        "codePoint": 109,
        "height": 18,
        "width": 28
    },
    "n": {
        "advance": 21,
        "bearingX": 2,
        "bearingY": 18,
        "codePoint": 110,
        "height": 18,
        "width": 17
    },
    "o": {
        "advance": 20,
        "bearingX": 1,
        "bearingY": 18,
        "codePoint": 111,
        "height": 18,
        "width": 18
    },
    "p": {
        "advance": 20,
        "bearingX": 2,
        "bearingY": 18,
        "codePoint": 112,
        "height": 26,
        "width": 17
    },
    "s": {
        "advance": 16,
        "bearingX": 1,
        "bearingY": 18,
        "codePoint": 115,
        "height": 18,
        "width": 14
    },
    "t": {
        "advance": 14,
        "bearingX": 0,
        "bearingY": 22,
        "codePoint": 116,
        "height": 22,
        "width": 13
    }
}
