{
    "0": {
        "advance": 92,
        "bearingX": 5,
        "bearingY": 115,
        "codePoint": 48,
        "height": 116,
        "width": 81
    },
    "1": {
        "advance": 92,
        "bearingX": 9,
        "bearingY": 114,
        "codePoint": 49,
        "height": 114,
        "width": 58
    },
    "2": {
        "advance": 92,
        "bearingX": 6,
        "bearingY": 115,
        "codePoint": 50,
        "height": 115,
        "width": 81
    },
    "3": {
        "advance": 92,
        "bearingX": 6,
        "bearingY": 115,
        "codePoint": 51,
        "height": 116,
        "width": 80
    },
    "4": {
        "advance": 92,
        "bearingX": 2,
        "bearingY": 114,
        "codePoint": 52,
        "height": 114,
        "width": 87
    },
    "5": {
        "advance": 92,
        "bearingX": 7,
        "bearingY": 114,
        "codePoint": 53,
        "height": 115,
        "width": 78
    },
    "6": {
        "advance": 92,
        "bearingX": 5,
        "bearingY": 115,
        "codePoint": 54,
        "height": 116,
        "width": 82
    },
    "7": {
        "advance": 92,
        "bearingX": 4,
        "bearingY": 114,
        "codePoint": 55,
        "height": 114,
        "width": 83
    },
    "8": {
        "advance": 92,
        "bearingX": 5,
        "bearingY": 115,
        "codePoint": 56,
        "height": 116,
        "width": 81
    },
    "9": {
        "advance": 92,
        "bearingX": 5,
        "bearingY": 115,
        "codePoint": 57,
        "height": 116,
        "width": 81
    }
}
