{
    "fonts": [
        {
            "id": "{9642b92f-2125-446f-a21b-e1a4c9a3771c}",
            "name": "DistanceFont"
        },
        {
            "id": "{97b60cd1-90c3-41bc-8ac4-769c46f5124a}",
            "name": "SpeedoFont"
        },
        {
            "id": "{05cde41e-fcec-4e14-bb6c-58e2095d3109}",
            "name": "DirectionFont"
        },
        {
            "id": "{abf68107-6bc8-4d94-bc92-a168a6a98c22}",
            "name": "GearNumFont"
        },
        {
            "id": "{dce8d1c1-d860-4ccb-a9f5-82eda4907922}",
            "name": "mphFont"
        },
        {
            "id": "{62bc17f1-90b7-4d15-b431-9d7d49ae9397}",
            "name": "Font0"
        }
    ],
    "paths": [
    ]
}
