{
    " ": {
        "advance": 6,
        "bearingX": 0,
        "bearingY": 0,
        "codePoint": 32,
        "height": 0,
        "width": 0
    },
    ".": {
        "advance": 6,
        "bearingX": 1,
        "bearingY": 3,
        "codePoint": 46,
        "height": 3,
        "width": 4
    },
    "1": {
        "advance": 14,
        "bearingX": 2,
        "bearingY": 17,
        "codePoint": 49,
        "height": 17,
        "width": 7
    },
    "2": {
        "advance": 14,
        "bearingX": 1,
        "bearingY": 17,
        "codePoint": 50,
        "height": 17,
        "width": 12
    },
    "4": {
        "advance": 14,
        "bearingX": 0,
        "bearingY": 17,
        "codePoint": 52,
        "height": 17,
        "width": 14
    },
    "5": {
        "advance": 14,
        "bearingX": 1,
        "bearingY": 17,
        "codePoint": 53,
        "height": 17,
        "width": 12
    },
    "8": {
        "advance": 14,
        "bearingX": 1,
        "bearingY": 17,
        "codePoint": 56,
        "height": 17,
        "width": 12
    },
    "M": {
        "advance": 22,
        "bearingX": 2,
        "bearingY": 17,
        "codePoint": 77,
        "height": 17,
        "width": 18
    },
    "S": {
        "advance": 13,
        "bearingX": 1,
        "bearingY": 17,
        "codePoint": 83,
        "height": 17,
        "width": 12
    },
    "e": {
        "advance": 14,
        "bearingX": 1,
        "bearingY": 13,
        "codePoint": 101,
        "height": 13,
        "width": 12
    },
    "i": {
        "advance": 6,
        "bearingX": 1,
        "bearingY": 18,
        "codePoint": 105,
        "height": 18,
        "width": 4
    },
    "l": {
        "advance": 6,
        "bearingX": 2,
        "bearingY": 18,
        "codePoint": 108,
        "height": 18,
        "width": 3
    },
    "o": {
        "advance": 15,
        "bearingX": 1,
        "bearingY": 13,
        "codePoint": 111,
        "height": 13,
        "width": 13
    },
    "p": {
        "advance": 15,
        "bearingX": 2,
        "bearingY": 13,
        "codePoint": 112,
        "height": 19,
        "width": 12
    },
    "r": {
        "advance": 10,
        "bearingX": 2,
        "bearingY": 13,
        "codePoint": 114,
        "height": 13,
        "width": 8
    },
    "s": {
        "advance": 12,
        "bearingX": 1,
        "bearingY": 13,
        "codePoint": 115,
        "height": 13,
        "width": 10
    },
    "t": {
        "advance": 9,
        "bearingX": 0,
        "bearingY": 16,
        "codePoint": 116,
        "height": 16,
        "width": 9
    }
}
