{
    "bindings": [
        {
            "font": "{05cde41e-fcec-4e14-bb6c-58e2095d3109}",
            "language": "{fcfe3ff4-f230-448f-9078-4599da2911d5}",
            "string": "{29def1a1-5630-4ea0-8101-ed9c51908932}"
        },
        {
            "font": "{05cde41e-fcec-4e14-bb6c-58e2095d3109}",
            "language": "{fcfe3ff4-f230-448f-9078-4599da2911d5}",
            "string": "{338a4db6-7fe7-47ad-a0ca-3ff367f3764b}"
        },
        {
            "font": "{9642b92f-2125-446f-a21b-e1a4c9a3771c}",
            "language": "{fcfe3ff4-f230-448f-9078-4599da2911d5}",
            "string": "{23efd23f-2eb6-46b8-a87f-ea4800e51879}"
        },
        {
            "font": "{9642b92f-2125-446f-a21b-e1a4c9a3771c}",
            "language": "{fcfe3ff4-f230-448f-9078-4599da2911d5}",
            "string": "{45d0fddd-4184-4d9a-b98e-0f6b24fb8787}"
        },
        {
            "font": "{97b60cd1-90c3-41bc-8ac4-769c46f5124a}",
            "language": "{fcfe3ff4-f230-448f-9078-4599da2911d5}",
            "string": "{4e289e72-ba35-4cae-bbb4-a449fa3ca713}"
        },
        {
            "font": "{05cde41e-fcec-4e14-bb6c-58e2095d3109}",
            "language": "{fcfe3ff4-f230-448f-9078-4599da2911d5}",
            "string": "{8f9504f0-89c2-499a-9e78-b323490f56d9}"
        },
        {
            "font": "{62bc17f1-90b7-4d15-b431-9d7d49ae9397}",
            "language": "{fcfe3ff4-f230-448f-9078-4599da2911d5}",
            "string": "{5e5e36f9-1789-43c7-a5c4-49642a21bf91}"
        },
        {
            "font": "{9642b92f-2125-446f-a21b-e1a4c9a3771c}",
            "language": "{fcfe3ff4-f230-448f-9078-4599da2911d5}",
            "string": "{83e737c2-5aa9-4696-ab86-82ad674bb1ff}"
        },
        {
            "font": "{9642b92f-2125-446f-a21b-e1a4c9a3771c}",
            "language": "{fcfe3ff4-f230-448f-9078-4599da2911d5}",
            "string": "{92c5be47-58e1-4fdb-9812-2be091f10e26}"
        },
        {
            "font": "{9642b92f-2125-446f-a21b-e1a4c9a3771c}",
            "language": "{fcfe3ff4-f230-448f-9078-4599da2911d5}",
            "string": "{d3a5086a-5a6c-420a-9c3b-1c0ce9a75ec5}"
        },
        {
            "font": "{05cde41e-fcec-4e14-bb6c-58e2095d3109}",
            "language": "{fcfe3ff4-f230-448f-9078-4599da2911d5}",
            "string": "{e058b3e2-7791-42a8-a5e1-847ea9debc15}"
        },
        {
            "font": "{05cde41e-fcec-4e14-bb6c-58e2095d3109}",
            "language": "{fcfe3ff4-f230-448f-9078-4599da2911d5}",
            "string": "{eab228e9-63c6-4119-908c-ef55c1ff0203}"
        },
        {
            "font": "{9642b92f-2125-446f-a21b-e1a4c9a3771c}",
            "language": "{fcfe3ff4-f230-448f-9078-4599da2911d5}",
            "string": "{fcaca311-caac-441d-a681-3b40da6642af}"
        },
        {
            "font": "{abf68107-6bc8-4d94-bc92-a168a6a98c22}",
            "language": "{fcfe3ff4-f230-448f-9078-4599da2911d5}",
            "string": "{a03da202-cde3-4895-be47-16378d170710}"
        },
        {
            "font": "{dce8d1c1-d860-4ccb-a9f5-82eda4907922}",
            "language": "{fcfe3ff4-f230-448f-9078-4599da2911d5}",
            "string": "{da5c44e8-0f28-47c9-97e8-f5482cb9312f}"
        }
    ],
    "defaultLanguage": "{fcfe3ff4-f230-448f-9078-4599da2911d5}",
    "encoding": "ASCII",
    "languages": [
        {
            "properties": {
                "__categories": [
                ],
                "__groups": [
                ],
                "enabled": {
                    "enabled": true,
                    "type": "boolean",
                    "value": true,
                    "visible": true
                },
                "id": {
                    "enabled": true,
                    "type": "uuid",
                    "value": "{fcfe3ff4-f230-448f-9078-4599da2911d5}",
                    "visible": true
                },
                "name": {
                    "enabled": true,
                    "type": "text",
                    "value": "English",
                    "visible": true
                }
            }
        }
    ],
    "paths": [
    ],
    "strings": [
        {
            "properties": {
                "__categories": [
                ],
                "__groups": [
                ],
                "description": {
                    "enabled": true,
                    "type": "text",
                    "value": "",
                    "visible": true
                },
                "id": {
                    "enabled": true,
                    "type": "uuid",
                    "value": "{23efd23f-2eb6-46b8-a87f-ea4800e51879}",
                    "visible": true
                },
                "name": {
                    "enabled": true,
                    "type": "text",
                    "value": "DistanceStringContinue",
                    "visible": true
                },
                "path": {
                    "enabled": true,
                    "type": "text",
                    "value": "/",
                    "visible": true
                }
            },
            "values": [
                {
                    "language": "{fcfe3ff4-f230-448f-9078-4599da2911d5}",
                    "value": "51 Miles"
                }
            ]
        },
        {
            "properties": {
                "__categories": [
                ],
                "__groups": [
                ],
                "description": {
                    "enabled": true,
                    "type": "text",
                    "value": "",
                    "visible": true
                },
                "id": {
                    "enabled": true,
                    "type": "uuid",
                    "value": "{29def1a1-5630-4ea0-8101-ed9c51908932}",
                    "visible": true
                },
                "name": {
                    "enabled": true,
                    "type": "text",
                    "value": "DirectionStringLeft",
                    "visible": true
                },
                "path": {
                    "enabled": true,
                    "type": "text",
                    "value": "/",
                    "visible": true
                }
            },
            "values": [
                {
                    "language": "{fcfe3ff4-f230-448f-9078-4599da2911d5}",
                    "value": "Exit 20: I-17 South"
                }
            ]
        },
        {
            "properties": {
                "__categories": [
                ],
                "__groups": [
                ],
                "description": {
                    "enabled": true,
                    "type": "text",
                    "value": "",
                    "visible": true
                },
                "id": {
                    "enabled": true,
                    "type": "uuid",
                    "value": "{338a4db6-7fe7-47ad-a0ca-3ff367f3764b}",
                    "visible": true
                },
                "name": {
                    "enabled": true,
                    "type": "text",
                    "value": "DirectionStringContinue",
                    "visible": true
                },
                "path": {
                    "enabled": true,
                    "type": "text",
                    "value": "/",
                    "visible": true
                }
            },
            "values": [
                {
                    "language": "{fcfe3ff4-f230-448f-9078-4599da2911d5}",
                    "value": "Continue on I-17 South"
                }
            ]
        },
        {
            "properties": {
                "__categories": [
                ],
                "__groups": [
                ],
                "description": {
                    "enabled": true,
                    "type": "text",
                    "value": "",
                    "visible": true
                },
                "id": {
                    "enabled": true,
                    "type": "uuid",
                    "value": "{45d0fddd-4184-4d9a-b98e-0f6b24fb8787}",
                    "visible": true
                },
                "name": {
                    "enabled": true,
                    "type": "text",
                    "value": "ModeString",
                    "visible": true
                },
                "path": {
                    "enabled": true,
                    "type": "text",
                    "value": "/",
                    "visible": true
                }
            },
            "values": [
                {
                    "language": "{fcfe3ff4-f230-448f-9078-4599da2911d5}",
                    "value": "Sport"
                }
            ]
        },
        {
            "properties": {
                "__categories": [
                ],
                "__groups": [
                ],
                "description": {
                    "enabled": true,
                    "type": "text",
                    "value": "",
                    "visible": true
                },
                "id": {
                    "enabled": true,
                    "type": "uuid",
                    "value": "{4e289e72-ba35-4cae-bbb4-a449fa3ca713}",
                    "visible": true
                },
                "name": {
                    "enabled": true,
                    "type": "text",
                    "value": "MPH_Default",
                    "visible": true
                },
                "path": {
                    "enabled": true,
                    "type": "text",
                    "value": "/",
                    "visible": true
                }
            },
            "values": [
                {
                    "language": "{fcfe3ff4-f230-448f-9078-4599da2911d5}",
                    "value": "140"
                }
            ]
        },
        {
            "properties": {
                "__categories": [
                ],
                "__groups": [
                ],
                "description": {
                    "enabled": true,
                    "type": "text",
                    "value": "",
                    "visible": true
                },
                "id": {
                    "enabled": true,
                    "type": "uuid",
                    "value": "{5e5e36f9-1789-43c7-a5c4-49642a21bf91}",
                    "visible": true
                },
                "name": {
                    "enabled": true,
                    "type": "text",
                    "value": "RPMString",
                    "visible": true
                },
                "path": {
                    "enabled": true,
                    "type": "text",
                    "value": "/",
                    "visible": true
                }
            },
            "values": [
                {
                    "language": "{fcfe3ff4-f230-448f-9078-4599da2911d5}",
                    "value": "RPM\\nx1000"
                }
            ]
        },
        {
            "properties": {
                "__categories": [
                ],
                "__groups": [
                ],
                "description": {
                    "enabled": true,
                    "type": "text",
                    "value": "",
                    "visible": true
                },
                "id": {
                    "enabled": true,
                    "type": "uuid",
                    "value": "{83e737c2-5aa9-4696-ab86-82ad674bb1ff}",
                    "visible": true
                },
                "name": {
                    "enabled": true,
                    "type": "text",
                    "value": "DistanceStringLeft",
                    "visible": true
                },
                "path": {
                    "enabled": true,
                    "type": "text",
                    "value": "/",
                    "visible": true
                }
            },
            "values": [
                {
                    "language": "{fcfe3ff4-f230-448f-9078-4599da2911d5}",
                    "value": "14.1 Miles"
                }
            ]
        },
        {
            "properties": {
                "__categories": [
                ],
                "__groups": [
                ],
                "description": {
                    "enabled": true,
                    "type": "text",
                    "value": "",
                    "visible": true
                },
                "id": {
                    "enabled": true,
                    "type": "uuid",
                    "value": "{8f9504f0-89c2-499a-9e78-b323490f56d9}",
                    "visible": true
                },
                "name": {
                    "enabled": true,
                    "type": "text",
                    "value": "DirectionStringRight",
                    "visible": true
                },
                "path": {
                    "enabled": true,
                    "type": "text",
                    "value": "/",
                    "visible": true
                }
            },
            "values": [
                {
                    "language": "{fcfe3ff4-f230-448f-9078-4599da2911d5}",
                    "value": "Exit 14: I-285 North"
                }
            ]
        },
        {
            "properties": {
                "__categories": [
                ],
                "__groups": [
                ],
                "description": {
                    "enabled": true,
                    "type": "text",
                    "value": "",
                    "visible": true
                },
                "id": {
                    "enabled": true,
                    "type": "uuid",
                    "value": "{92c5be47-58e1-4fdb-9812-2be091f10e26}",
                    "visible": true
                },
                "name": {
                    "enabled": true,
                    "type": "text",
                    "value": "RangeValueString",
                    "visible": true
                },
                "path": {
                    "enabled": true,
                    "type": "text",
                    "value": "/",
                    "visible": true
                }
            },
            "values": [
                {
                    "language": "{fcfe3ff4-f230-448f-9078-4599da2911d5}",
                    "value": "281"
                }
            ]
        },
        {
            "properties": {
                "__categories": [
                ],
                "__groups": [
                ],
                "description": {
                    "enabled": true,
                    "type": "text",
                    "value": "",
                    "visible": true
                },
                "id": {
                    "enabled": true,
                    "type": "uuid",
                    "value": "{a03da202-cde3-4895-be47-16378d170710}",
                    "visible": true
                },
                "name": {
                    "enabled": true,
                    "type": "text",
                    "value": "GearNumber",
                    "visible": true
                },
                "path": {
                    "enabled": true,
                    "type": "text",
                    "value": "/",
                    "visible": true
                }
            },
            "values": [
                {
                    "language": "{fcfe3ff4-f230-448f-9078-4599da2911d5}",
                    "value": "1"
                }
            ]
        },
        {
            "properties": {
                "__categories": [
                ],
                "__groups": [
                ],
                "description": {
                    "enabled": true,
                    "type": "text",
                    "value": "",
                    "visible": true
                },
                "id": {
                    "enabled": true,
                    "type": "uuid",
                    "value": "{d3a5086a-5a6c-420a-9c3b-1c0ce9a75ec5}",
                    "visible": true
                },
                "name": {
                    "enabled": true,
                    "type": "text",
                    "value": "DistanceStringRight",
                    "visible": true
                },
                "path": {
                    "enabled": true,
                    "type": "text",
                    "value": "/",
                    "visible": true
                }
            },
            "values": [
                {
                    "language": "{fcfe3ff4-f230-448f-9078-4599da2911d5}",
                    "value": "12 Miles"
                }
            ]
        },
        {
            "properties": {
                "__categories": [
                ],
                "__groups": [
                ],
                "description": {
                    "enabled": true,
                    "type": "text",
                    "value": "",
                    "visible": true
                },
                "id": {
                    "enabled": true,
                    "type": "uuid",
                    "value": "{da5c44e8-0f28-47c9-97e8-f5482cb9312f}",
                    "visible": true
                },
                "name": {
                    "enabled": true,
                    "type": "text",
                    "value": "mphString",
                    "visible": true
                },
                "path": {
                    "enabled": true,
                    "type": "text",
                    "value": "/",
                    "visible": true
                }
            },
            "values": [
                {
                    "language": "{fcfe3ff4-f230-448f-9078-4599da2911d5}",
                    "value": "mph"
                }
            ]
        },
        {
            "properties": {
                "__categories": [
                ],
                "__groups": [
                ],
                "description": {
                    "enabled": true,
                    "type": "text",
                    "value": "",
                    "visible": true
                },
                "id": {
                    "enabled": true,
                    "type": "uuid",
                    "value": "{e058b3e2-7791-42a8-a5e1-847ea9debc15}",
                    "visible": true
                },
                "name": {
                    "enabled": true,
                    "type": "text",
                    "value": "DemoOff",
                    "visible": true
                },
                "path": {
                    "enabled": true,
                    "type": "text",
                    "value": "/",
                    "visible": true
                }
            },
            "values": [
                {
                    "language": "{fcfe3ff4-f230-448f-9078-4599da2911d5}",
                    "value": "Demo Off"
                }
            ]
        },
        {
            "properties": {
                "__categories": [
                ],
                "__groups": [
                ],
                "description": {
                    "enabled": true,
                    "type": "text",
                    "value": "",
                    "visible": true
                },
                "id": {
                    "enabled": true,
                    "type": "uuid",
                    "value": "{eab228e9-63c6-4119-908c-ef55c1ff0203}",
                    "visible": true
                },
                "name": {
                    "enabled": true,
                    "type": "text",
                    "value": "DemoOn",
                    "visible": true
                },
                "path": {
                    "enabled": true,
                    "type": "text",
                    "value": "/",
                    "visible": true
                }
            },
            "values": [
                {
                    "language": "{fcfe3ff4-f230-448f-9078-4599da2911d5}",
                    "value": "Demo On"
                }
            ]
        },
        {
            "properties": {
                "__categories": [
                ],
                "__groups": [
                ],
                "description": {
                    "enabled": true,
                    "type": "text",
                    "value": "",
                    "visible": true
                },
                "id": {
                    "enabled": true,
                    "type": "uuid",
                    "value": "{fcaca311-caac-441d-a681-3b40da6642af}",
                    "visible": true
                },
                "name": {
                    "enabled": true,
                    "type": "text",
                    "value": "RangeUnitString",
                    "visible": true
                },
                "path": {
                    "enabled": true,
                    "type": "text",
                    "value": "/",
                    "visible": true
                }
            },
            "values": [
                {
                    "language": "{fcfe3ff4-f230-448f-9078-4599da2911d5}",
                    "value": "Miles"
                }
            ]
        }
    ]
}
