{
    "images": [
        {
            "id": "{a5444d1d-bc4b-4aef-8dc7-b38e8eca57f5}",
            "name": "mchp_logo_h",
            "type": "RGB"
        },
        {
            "id": "{39559e9f-cf25-4272-8de0-c2461aff0e1e}",
            "name": "logo_horizontal_small",
            "type": "RGB"
        },
        {
            "id": "{7356eede-ac39-4c99-9090-12cdabd37e3d}",
            "name": "MainMenuBtnPr",
            "type": "RGB"
        },
        {
            "id": "{9a06a144-3258-41f0-88bd-6ec67aef018f}",
            "name": "MainMenuBtnRel",
            "type": "RGB"
        },
        {
            "id": "{7d9583d3-f6e8-4c30-b283-3a62ec3b16eb}",
            "name": "wifi_logo_small",
            "type": "RGB"
        },
        {
            "id": "{138fdb69-cd31-44a6-a72f-01653ff1a0a4}",
            "name": "DrugABackground",
            "type": "RGB"
        },
        {
            "id": "{966fb5c7-9a07-4da1-9ce0-6b97404b1b0b}",
            "name": "DrugBBackground",
            "type": "RGB"
        },
        {
            "id": "{1d3765e6-43b8-4922-9b12-c7329efa04b6}",
            "name": "DrugCBackground",
            "type": "RGB"
        },
        {
            "id": "{8c775258-4d81-43ed-aa45-034040e179ea}",
            "name": "DrugDBackground",
            "type": "RGB"
        },
        {
            "id": "{f35980ae-e32e-429f-aa1c-6bdce34e16fe}",
            "name": "DrugEBackground",
            "type": "RGB"
        },
        {
            "id": "{f7ec471f-fffa-4d5e-9e80-dacb5bb950cf}",
            "name": "DrugFBackground",
            "type": "RGB"
        },
        {
            "id": "{13a1dc14-1a0c-4554-91fc-a9f113d843cf}",
            "name": "DrugGBackground",
            "type": "RGB"
        },
        {
            "id": "{891687a8-35c6-4f9f-88f5-6150481e348b}",
            "name": "battery",
            "type": "RGB"
        },
        {
            "id": "{97c4f92e-d2fc-4b2c-addd-27ed5f59ab25}",
            "name": "reply",
            "type": "RGB"
        },
        {
            "id": "{18d1d497-fdce-408e-9008-4c1a8461a403}",
            "name": "DrugPressureTIme",
            "type": "RGB"
        },
        {
            "id": "{01a455c1-d27e-4fa4-949c-38743054ba24}",
            "name": "RoundKnob",
            "type": "RGB"
        },
        {
            "id": "{16379c64-8ea2-49b9-8616-44b3f5175a17}",
            "name": "WeightVolumeBox",
            "type": "RGB"
        },
        {
            "id": "{5c47607c-0d96-4cc9-aafd-e3074c762de4}",
            "name": "AdjustButton",
            "type": "RGB"
        },
        {
            "id": "{cbc96b7e-8341-4285-bdac-d9cb3e0c6b9f}",
            "name": "ProgressBar",
            "type": "RGB"
        },
        {
            "id": "{fc18ba5f-2d4d-4784-89f2-ab9d8787bd97}",
            "name": "Box290x118",
            "type": "RGB"
        },
        {
            "id": "{242211f6-90d3-4e49-bcaa-8892592d9686}",
            "name": "BolusBox",
            "type": "RGB"
        },
        {
            "id": "{53e611af-d4e1-4233-94b2-b5a6ed9e6490}",
            "name": "StartButtonImg",
            "type": "RGB"
        },
        {
            "id": "{fe97456c-9cd8-4399-a9b6-2fb977b25462}",
            "name": "StartButtonImgPr1",
            "type": "RGB"
        },
        {
            "id": "{7b2da454-1c2b-4b57-897a-24bfe578719c}",
            "name": "StartButtonImgPr2",
            "type": "RGB"
        },
        {
            "id": "{2f9537ae-4caf-4b43-a67f-f8dd090d02a6}",
            "name": "StartButtonImgPr3",
            "type": "RGB"
        },
        {
            "id": "{acd91e04-25f3-45a8-82e6-1c99deb9c1e4}",
            "name": "StopButtonImgPr2",
            "type": "RGB"
        },
        {
            "id": "{372288f4-fc74-49a2-a3d8-7d325110a817}",
            "name": "StopButtonImgPr3",
            "type": "RGB"
        },
        {
            "id": "{6cb43602-bd6b-40fb-a9d7-58fbc0ca843e}",
            "name": "StopButtonImg",
            "type": "RGB"
        },
        {
            "id": "{296fd32d-abee-4494-8534-83b9bc4ed431}",
            "name": "StopButtonImgPr1",
            "type": "RGB"
        },
        {
            "id": "{855a2db0-466d-4902-ad68-ea1b1656928d}",
            "name": "chevron1",
            "type": "RGB"
        },
        {
            "id": "{205e82c2-4610-42a3-9f65-4a810e83724f}",
            "name": "chevron2",
            "type": "RGB"
        },
        {
            "id": "{9daaa641-6097-4b35-9021-ba81dee9f9ff}",
            "name": "chevron3",
            "type": "RGB"
        },
        {
            "id": "{2aa89347-1528-49c5-8549-a906f26819b2}",
            "name": "chevron4",
            "type": "RGB"
        },
        {
            "id": "{e1d4156f-566d-4430-a124-23c3040b0cec}",
            "name": "chevron5",
            "type": "RGB"
        },
        {
            "id": "{724c6694-2690-42e2-b0d2-dbde28110984}",
            "name": "chevron6",
            "type": "RGB"
        },
        {
            "id": "{1c016853-5186-4e74-b504-e09ed99d84b5}",
            "name": "chevron7",
            "type": "RGB"
        },
        {
            "id": "{20633bae-ca42-4d68-8a4c-ee0ad0a5a9a8}",
            "name": "chevron8",
            "type": "RGB"
        },
        {
            "id": "{b5088407-82ff-4ef6-88f8-ff028edf570a}",
            "name": "chevron9",
            "type": "RGB"
        },
        {
            "id": "{053b27ae-4df6-4cf8-b341-f924169622ae}",
            "name": "chevron10",
            "type": "RGB"
        },
        {
            "id": "{b039693d-2b0b-425f-85b9-63d70150c7e3}",
            "name": "chevron11",
            "type": "RGB"
        },
        {
            "id": "{963eb246-5310-4768-a555-8704fa3d9bd6}",
            "name": "chevron12",
            "type": "RGB"
        },
        {
            "id": "{54acaa52-74f9-4e91-9593-f28f6cb0c0a6}",
            "name": "chevron13",
            "type": "RGB"
        },
        {
            "id": "{3478dfea-3b79-41ee-b16b-8c1e8afd9896}",
            "name": "chevron14",
            "type": "RGB"
        },
        {
            "id": "{775f748a-9736-404e-a1a2-f1c8c5a34859}",
            "name": "chevron15",
            "type": "RGB"
        },
        {
            "id": "{18b73bb9-938f-4678-91e2-2bd40a82f41d}",
            "name": "chevron16",
            "type": "RGB"
        },
        {
            "id": "{54ee1b20-290e-452e-b82a-23e44055ef62}",
            "name": "chevron17",
            "type": "RGB"
        },
        {
            "id": "{247d4aa3-ee68-4e2c-b367-7457d4d4b54e}",
            "name": "chevron0",
            "type": "RGB"
        },
        {
            "id": "{3315ebcc-2c74-4ceb-9783-b13644e82640}",
            "name": "NumericKeypad",
            "type": "RGB"
        },
        {
            "id": "{d28016d4-2187-4b94-9e97-ded3bbe7d71d}",
            "name": "popup_success_crop",
            "type": "RGB"
        },
        {
            "id": "{c991c870-145f-4ac0-ad9a-61ed6e8eab7f}",
            "name": "popup_button_crop",
            "type": "RGB"
        }
    ],
    "paths": [
    ]
}
